USUBJID,SPREFID,LBTESTCD,LBCAT,LBORRES,LBORRESU,LBSPEC,LBDY,trial_set_description,dosage_group_dosage_value,SEX,INITBW
T103901-4-0001,,BW_D14,,297,,,14,Vehicle control:0 mg/kg1S1,,M,239
T103901-4-0001,,BW_D28,,343,,,28,Vehicle control:0 mg/kg1S1,,M,239
T103901-4-0001,T103901-4,PHOS,CLINICAL CHEMISTRY,1.38,mmol/L,SERUM,29,Vehicle control:0 mg/kg1S1,0,M,239
T103901-4-0001,T103901-4,K,CLINICAL CHEMISTRY,5.7,mmol/L,SERUM,29,Vehicle control:0 mg/kg1S1,0,M,239
T103901-4-0001,,BW_D1,,239,,,1,Vehicle control:0 mg/kg1S1,,M,239
T103901-4-0001,T103901-4,SODIUM,CLINICAL CHEMISTRY,145,mmol/L,SERUM,29,Vehicle control:0 mg/kg1S1,0,M,239
T103901-4-0001,T103901-4,RBC,HEMATOLOGY,8.82,10^12/L,PLASMA,29,Vehicle control:0 mg/kg1S1,0,M,239
T103901-4-0001,T103901-4,CA,CLINICAL CHEMISTRY,2.53,mmol/L,SERUM,29,Vehicle control:0 mg/kg1S1,0,M,239
T103901-4-0001,T103901-4,CL,CLINICAL CHEMISTRY,104,mmol/L,SERUM,29,Vehicle control:0 mg/kg1S1,0,M,239
T103901-4-0002,T103901-4,CL,CLINICAL CHEMISTRY,105,mmol/L,SERUM,29,Vehicle control:0 mg/kg1S1,0,M,220
T103901-4-0002,T103901-4,K,CLINICAL CHEMISTRY,5,mmol/L,SERUM,29,Vehicle control:0 mg/kg1S1,0,M,220
T103901-4-0002,T103901-4,RBC,HEMATOLOGY,9.16,10^12/L,PLASMA,29,Vehicle control:0 mg/kg1S1,0,M,220
T103901-4-0002,,BW_D1,,220,,,1,Vehicle control:0 mg/kg1S1,,M,220
T103901-4-0002,,BW_D14,,289,,,14,Vehicle control:0 mg/kg1S1,,M,220
T103901-4-0002,,BW_D28,,326,,,28,Vehicle control:0 mg/kg1S1,,M,220
T103901-4-0002,T103901-4,SODIUM,CLINICAL CHEMISTRY,147,mmol/L,SERUM,29,Vehicle control:0 mg/kg1S1,0,M,220
T103901-4-0002,T103901-4,CA,CLINICAL CHEMISTRY,2.7,mmol/L,SERUM,29,Vehicle control:0 mg/kg1S1,0,M,220
T103901-4-0002,T103901-4,PHOS,CLINICAL CHEMISTRY,2.08,mmol/L,SERUM,29,Vehicle control:0 mg/kg1S1,0,M,220
T103901-4-0003,,BW_D14,,308,,,14,Vehicle control:0 mg/kg1S1,,M,241
T103901-4-0003,,BW_D28,,343,,,28,Vehicle control:0 mg/kg1S1,,M,241
T103901-4-0003,,BW_D1,,241,,,1,Vehicle control:0 mg/kg1S1,,M,241
T103901-4-0003,T103901-4,SODIUM,CLINICAL CHEMISTRY,145,mmol/L,SERUM,29,Vehicle control:0 mg/kg1S1,0,M,241
T103901-4-0003,T103901-4,CA,CLINICAL CHEMISTRY,2.51,mmol/L,SERUM,29,Vehicle control:0 mg/kg1S1,0,M,241
T103901-4-0003,T103901-4,RBC,HEMATOLOGY,8.85,10^12/L,PLASMA,29,Vehicle control:0 mg/kg1S1,0,M,241
T103901-4-0003,T103901-4,CL,CLINICAL CHEMISTRY,105,mmol/L,SERUM,29,Vehicle control:0 mg/kg1S1,0,M,241
T103901-4-0003,T103901-4,K,CLINICAL CHEMISTRY,5.1,mmol/L,SERUM,29,Vehicle control:0 mg/kg1S1,0,M,241
T103901-4-0003,T103901-4,PHOS,CLINICAL CHEMISTRY,1.13,mmol/L,SERUM,29,Vehicle control:0 mg/kg1S1,0,M,241
T103901-4-0004,T103901-4,CA,CLINICAL CHEMISTRY,2.52,mmol/L,SERUM,29,Vehicle control:0 mg/kg1S1,0,M,237
T103901-4-0004,,BW_D28,,321,,,28,Vehicle control:0 mg/kg1S1,,M,237
T103901-4-0004,,BW_D14,,298,,,14,Vehicle control:0 mg/kg1S1,,M,237
T103901-4-0004,,BW_D1,,237,,,1,Vehicle control:0 mg/kg1S1,,M,237
T103901-4-0004,T103901-4,RBC,HEMATOLOGY,9.25,10^12/L,PLASMA,29,Vehicle control:0 mg/kg1S1,0,M,237
T103901-4-0004,T103901-4,CL,CLINICAL CHEMISTRY,104,mmol/L,SERUM,29,Vehicle control:0 mg/kg1S1,0,M,237
T103901-4-0004,T103901-4,K,CLINICAL CHEMISTRY,4.9,mmol/L,SERUM,29,Vehicle control:0 mg/kg1S1,0,M,237
T103901-4-0004,T103901-4,PHOS,CLINICAL CHEMISTRY,1.58,mmol/L,SERUM,29,Vehicle control:0 mg/kg1S1,0,M,237
T103901-4-0004,T103901-4,SODIUM,CLINICAL CHEMISTRY,146,mmol/L,SERUM,29,Vehicle control:0 mg/kg1S1,0,M,237
T103901-4-0005,T103901-4,CL,CLINICAL CHEMISTRY,104,mmol/L,SERUM,29,Vehicle control:0 mg/kg1S1,0,M,229
T103901-4-0005,T103901-4,PHOS,CLINICAL CHEMISTRY,1.77,mmol/L,SERUM,29,Vehicle control:0 mg/kg1S1,0,M,229
T103901-4-0005,,BW_D28,,338,,,28,Vehicle control:0 mg/kg1S1,,M,229
T103901-4-0005,T103901-4,K,CLINICAL CHEMISTRY,5.1,mmol/L,SERUM,29,Vehicle control:0 mg/kg1S1,0,M,229
T103901-4-0005,,BW_D1,,229,,,1,Vehicle control:0 mg/kg1S1,,M,229
T103901-4-0005,,BW_D14,,294,,,14,Vehicle control:0 mg/kg1S1,,M,229
T103901-4-0005,T103901-4,CA,CLINICAL CHEMISTRY,2.61,mmol/L,SERUM,29,Vehicle control:0 mg/kg1S1,0,M,229
T103901-4-0005,T103901-4,RBC,HEMATOLOGY,8.16,10^12/L,PLASMA,29,Vehicle control:0 mg/kg1S1,0,M,229
T103901-4-0005,T103901-4,SODIUM,CLINICAL CHEMISTRY,145,mmol/L,SERUM,29,Vehicle control:0 mg/kg1S1,0,M,229
T103901-4-0006,T103901-4,CA,CLINICAL CHEMISTRY,2.57,mmol/L,SERUM,29,Vehicle control:0 mg/kg1S2,0,M,209
T103901-4-0006,,BW_D14,,259,,,14,Vehicle control:0 mg/kg1S2,,M,209
T103901-4-0006,,BW_D1,,209,,,1,Vehicle control:0 mg/kg1S2,,M,209
T103901-4-0006,T103901-4,PHOS,CLINICAL CHEMISTRY,1.48,mmol/L,SERUM,29,Vehicle control:0 mg/kg1S2,0,M,209
T103901-4-0006,T103901-4,RBC,HEMATOLOGY,8.68,10^12/L,PLASMA,29,Vehicle control:0 mg/kg1S2,0,M,209
T103901-4-0006,T103901-4,CL,CLINICAL CHEMISTRY,106,mmol/L,SERUM,29,Vehicle control:0 mg/kg1S2,0,M,209
T103901-4-0006,,BW_D28,,281,,,28,Vehicle control:0 mg/kg1S2,,M,209
T103901-4-0006,T103901-4,SODIUM,CLINICAL CHEMISTRY,147,mmol/L,SERUM,29,Vehicle control:0 mg/kg1S2,0,M,209
T103901-4-0006,T103901-4,K,CLINICAL CHEMISTRY,5.2,mmol/L,SERUM,29,Vehicle control:0 mg/kg1S2,0,M,209
T103901-4-0007,,BW_D28,,337,,,28,Vehicle control:0 mg/kg1S2,,M,216
T103901-4-0007,,BW_D1,,216,,,1,Vehicle control:0 mg/kg1S2,,M,216
T103901-4-0007,T103901-4,RBC,HEMATOLOGY,8.79,10^12/L,PLASMA,29,Vehicle control:0 mg/kg1S2,0,M,216
T103901-4-0007,,BW_D14,,288,,,14,Vehicle control:0 mg/kg1S2,,M,216
T103901-4-0007,T103901-4,CA,CLINICAL CHEMISTRY,2.57,mmol/L,SERUM,29,Vehicle control:0 mg/kg1S2,0,M,216
T103901-4-0007,T103901-4,PHOS,CLINICAL CHEMISTRY,1.68,mmol/L,SERUM,29,Vehicle control:0 mg/kg1S2,0,M,216
T103901-4-0007,T103901-4,CL,CLINICAL CHEMISTRY,104,mmol/L,SERUM,29,Vehicle control:0 mg/kg1S2,0,M,216
T103901-4-0007,T103901-4,SODIUM,CLINICAL CHEMISTRY,146,mmol/L,SERUM,29,Vehicle control:0 mg/kg1S2,0,M,216
T103901-4-0007,T103901-4,K,CLINICAL CHEMISTRY,5,mmol/L,SERUM,29,Vehicle control:0 mg/kg1S2,0,M,216
T103901-4-0008,,BW_D28,,323,,,28,Vehicle control:0 mg/kg1S2,,M,228
T103901-4-0008,,BW_D14,,285,,,14,Vehicle control:0 mg/kg1S2,,M,228
T103901-4-0008,,BW_D1,,228,,,1,Vehicle control:0 mg/kg1S2,,M,228
T103901-4-0008,T103901-4,SODIUM,CLINICAL CHEMISTRY,146,mmol/L,SERUM,29,Vehicle control:0 mg/kg1S2,0,M,228
T103901-4-0008,T103901-4,RBC,HEMATOLOGY,8.64,10^12/L,PLASMA,29,Vehicle control:0 mg/kg1S2,0,M,228
T103901-4-0008,T103901-4,CL,CLINICAL CHEMISTRY,106,mmol/L,SERUM,29,Vehicle control:0 mg/kg1S2,0,M,228
T103901-4-0008,T103901-4,PHOS,CLINICAL CHEMISTRY,1.54,mmol/L,SERUM,29,Vehicle control:0 mg/kg1S2,0,M,228
T103901-4-0008,T103901-4,K,CLINICAL CHEMISTRY,5.6,mmol/L,SERUM,29,Vehicle control:0 mg/kg1S2,0,M,228
T103901-4-0008,T103901-4,CA,CLINICAL CHEMISTRY,2.57,mmol/L,SERUM,29,Vehicle control:0 mg/kg1S2,0,M,228
T103901-4-0009,,BW_D28,,291,,,28,Vehicle control:0 mg/kg1S2,,M,214
T103901-4-0009,T103901-4,RBC,HEMATOLOGY,9.21,10^12/L,PLASMA,29,Vehicle control:0 mg/kg1S2,0,M,214
T103901-4-0009,T103901-4,K,CLINICAL CHEMISTRY,5.1,mmol/L,SERUM,29,Vehicle control:0 mg/kg1S2,0,M,214
T103901-4-0009,T103901-4,CL,CLINICAL CHEMISTRY,107,mmol/L,SERUM,29,Vehicle control:0 mg/kg1S2,0,M,214
T103901-4-0009,,BW_D1,,214,,,1,Vehicle control:0 mg/kg1S2,,M,214
T103901-4-0009,,BW_D14,,271,,,14,Vehicle control:0 mg/kg1S2,,M,214
T103901-4-0009,T103901-4,PHOS,CLINICAL CHEMISTRY,1.24,mmol/L,SERUM,29,Vehicle control:0 mg/kg1S2,0,M,214
T103901-4-0009,T103901-4,SODIUM,CLINICAL CHEMISTRY,147,mmol/L,SERUM,29,Vehicle control:0 mg/kg1S2,0,M,214
T103901-4-0009,T103901-4,CA,CLINICAL CHEMISTRY,2.63,mmol/L,SERUM,29,Vehicle control:0 mg/kg1S2,0,M,214
T103901-4-0010,,BW_D14,,270,,,14,Vehicle control:0 mg/kg1S2,,M,226
T103901-4-0010,,BW_D28,,289,,,28,Vehicle control:0 mg/kg1S2,,M,226
T103901-4-0010,T103901-4,PHOS,CLINICAL CHEMISTRY,1.31,mmol/L,SERUM,29,Vehicle control:0 mg/kg1S2,0,M,226
T103901-4-0010,T103901-4,RBC,HEMATOLOGY,8.85,10^12/L,PLASMA,29,Vehicle control:0 mg/kg1S2,0,M,226
T103901-4-0010,,BW_D1,,226,,,1,Vehicle control:0 mg/kg1S2,,M,226
T103901-4-0010,T103901-4,CL,CLINICAL CHEMISTRY,106,mmol/L,SERUM,29,Vehicle control:0 mg/kg1S2,0,M,226
T103901-4-0010,T103901-4,SODIUM,CLINICAL CHEMISTRY,146,mmol/L,SERUM,29,Vehicle control:0 mg/kg1S2,0,M,226
T103901-4-0010,T103901-4,K,CLINICAL CHEMISTRY,5.1,mmol/L,SERUM,29,Vehicle control:0 mg/kg1S2,0,M,226
T103901-4-0010,T103901-4,CA,CLINICAL CHEMISTRY,2.51,mmol/L,SERUM,29,Vehicle control:0 mg/kg1S2,0,M,226
T103901-4-0020,,BW_D1,,212,,,1,Dose:4 mg/kg2S1,,M,212
T103901-4-0020,T103901-4,PHOS,CLINICAL CHEMISTRY,1.56,mmol/L,SERUM,29,Dose:4 mg/kg2S1,4,M,212
T103901-4-0020,T103901-4,RBC,HEMATOLOGY,8.77,10^12/L,PLASMA,29,Dose:4 mg/kg2S1,4,M,212
T103901-4-0020,,BW_D14,,262,,,14,Dose:4 mg/kg2S1,,M,212
T103901-4-0020,T103901-4,CA,CLINICAL CHEMISTRY,2.56,mmol/L,SERUM,29,Dose:4 mg/kg2S1,4,M,212
T103901-4-0020,T103901-4,SODIUM,CLINICAL CHEMISTRY,146,mmol/L,SERUM,29,Dose:4 mg/kg2S1,4,M,212
T103901-4-0020,,BW_D28,,288,,,28,Dose:4 mg/kg2S1,,M,212
T103901-4-0020,T103901-4,CL,CLINICAL CHEMISTRY,106,mmol/L,SERUM,29,Dose:4 mg/kg2S1,4,M,212
T103901-4-0020,T103901-4,K,CLINICAL CHEMISTRY,5.2,mmol/L,SERUM,29,Dose:4 mg/kg2S1,4,M,212
T103901-4-0021,,BW_D1,,236,,,1,Dose:4 mg/kg2S1,,M,236
T103901-4-0021,T103901-4,SODIUM,CLINICAL CHEMISTRY,145,mmol/L,SERUM,29,Dose:4 mg/kg2S1,4,M,236
T103901-4-0021,,BW_D28,,341,,,28,Dose:4 mg/kg2S1,,M,236
T103901-4-0021,T103901-4,K,CLINICAL CHEMISTRY,5.1,mmol/L,SERUM,29,Dose:4 mg/kg2S1,4,M,236
T103901-4-0021,,BW_D14,,301,,,14,Dose:4 mg/kg2S1,,M,236
T103901-4-0021,T103901-4,PHOS,CLINICAL CHEMISTRY,1.65,mmol/L,SERUM,29,Dose:4 mg/kg2S1,4,M,236
T103901-4-0021,T103901-4,CL,CLINICAL CHEMISTRY,104,mmol/L,SERUM,29,Dose:4 mg/kg2S1,4,M,236
T103901-4-0021,T103901-4,CA,CLINICAL CHEMISTRY,2.56,mmol/L,SERUM,29,Dose:4 mg/kg2S1,4,M,236
T103901-4-0021,T103901-4,RBC,HEMATOLOGY,9.04,10^12/L,PLASMA,29,Dose:4 mg/kg2S1,4,M,236
T103901-4-0022,,BW_D28,,312,,,28,Dose:4 mg/kg2S1,,M,225
T103901-4-0022,,BW_D1,,225,,,1,Dose:4 mg/kg2S1,,M,225
T103901-4-0022,T103901-4,RBC,HEMATOLOGY,8.8,10^12/L,PLASMA,29,Dose:4 mg/kg2S1,4,M,225
T103901-4-0022,T103901-4,CL,CLINICAL CHEMISTRY,104,mmol/L,SERUM,29,Dose:4 mg/kg2S1,4,M,225
T103901-4-0022,,BW_D14,,279,,,14,Dose:4 mg/kg2S1,,M,225
T103901-4-0022,T103901-4,PHOS,CLINICAL CHEMISTRY,1.6,mmol/L,SERUM,29,Dose:4 mg/kg2S1,4,M,225
T103901-4-0022,T103901-4,CA,CLINICAL CHEMISTRY,2.54,mmol/L,SERUM,29,Dose:4 mg/kg2S1,4,M,225
T103901-4-0022,T103901-4,K,CLINICAL CHEMISTRY,5,mmol/L,SERUM,29,Dose:4 mg/kg2S1,4,M,225
T103901-4-0022,T103901-4,SODIUM,CLINICAL CHEMISTRY,146,mmol/L,SERUM,29,Dose:4 mg/kg2S1,4,M,225
T103901-4-0023,,BW_D28,,313,,,28,Dose:4 mg/kg2S1,,M,210
T103901-4-0023,,BW_D1,,210,,,1,Dose:4 mg/kg2S1,,M,210
T103901-4-0023,T103901-4,K,CLINICAL CHEMISTRY,4.9,mmol/L,SERUM,29,Dose:4 mg/kg2S1,4,M,210
T103901-4-0023,,BW_D14,,274,,,14,Dose:4 mg/kg2S1,,M,210
T103901-4-0023,T103901-4,SODIUM,CLINICAL CHEMISTRY,145,mmol/L,SERUM,29,Dose:4 mg/kg2S1,4,M,210
T103901-4-0023,T103901-4,CA,CLINICAL CHEMISTRY,2.6,mmol/L,SERUM,29,Dose:4 mg/kg2S1,4,M,210
T103901-4-0023,T103901-4,PHOS,CLINICAL CHEMISTRY,1.66,mmol/L,SERUM,29,Dose:4 mg/kg2S1,4,M,210
T103901-4-0023,T103901-4,RBC,HEMATOLOGY,9.15,10^12/L,PLASMA,29,Dose:4 mg/kg2S1,4,M,210
T103901-4-0023,T103901-4,CL,CLINICAL CHEMISTRY,103,mmol/L,SERUM,29,Dose:4 mg/kg2S1,4,M,210
T103901-4-0024,,BW_D14,,278,,,14,Dose:4 mg/kg2S1,,M,215
T103901-4-0024,T103901-4,CA,CLINICAL CHEMISTRY,2.52,mmol/L,SERUM,29,Dose:4 mg/kg2S1,4,M,215
T103901-4-0024,T103901-4,CL,CLINICAL CHEMISTRY,104,mmol/L,SERUM,29,Dose:4 mg/kg2S1,4,M,215
T103901-4-0024,T103901-4,K,CLINICAL CHEMISTRY,4.6,mmol/L,SERUM,29,Dose:4 mg/kg2S1,4,M,215
T103901-4-0024,,BW_D28,,321,,,28,Dose:4 mg/kg2S1,,M,215
T103901-4-0024,T103901-4,RBC,HEMATOLOGY,8.64,10^12/L,PLASMA,29,Dose:4 mg/kg2S1,4,M,215
T103901-4-0024,,BW_D1,,215,,,1,Dose:4 mg/kg2S1,,M,215
T103901-4-0024,T103901-4,PHOS,CLINICAL CHEMISTRY,1.76,mmol/L,SERUM,29,Dose:4 mg/kg2S1,4,M,215
T103901-4-0024,T103901-4,SODIUM,CLINICAL CHEMISTRY,146,mmol/L,SERUM,29,Dose:4 mg/kg2S1,4,M,215
T103901-4-0025,T103901-4,SODIUM,CLINICAL CHEMISTRY,147,mmol/L,SERUM,29,Dose:4 mg/kg2S2,4,M,228
T103901-4-0025,T103901-4,PHOS,CLINICAL CHEMISTRY,1.34,mmol/L,SERUM,29,Dose:4 mg/kg2S2,4,M,228
T103901-4-0025,,BW_D14,,283,,,14,Dose:4 mg/kg2S2,,M,228
T103901-4-0025,,BW_D1,,228,,,1,Dose:4 mg/kg2S2,,M,228
T103901-4-0025,,BW_D28,,309,,,28,Dose:4 mg/kg2S2,,M,228
T103901-4-0025,T103901-4,K,CLINICAL CHEMISTRY,4.8,mmol/L,SERUM,29,Dose:4 mg/kg2S2,4,M,228
T103901-4-0025,T103901-4,CA,CLINICAL CHEMISTRY,2.51,mmol/L,SERUM,29,Dose:4 mg/kg2S2,4,M,228
T103901-4-0025,T103901-4,RBC,HEMATOLOGY,9.03,10^12/L,PLASMA,29,Dose:4 mg/kg2S2,4,M,228
T103901-4-0025,T103901-4,CL,CLINICAL CHEMISTRY,106,mmol/L,SERUM,29,Dose:4 mg/kg2S2,4,M,228
T103901-4-0026,T103901-4,K,CLINICAL CHEMISTRY,4.5,mmol/L,SERUM,29,Dose:4 mg/kg2S2,4,M,221
T103901-4-0026,,BW_D28,,310,,,28,Dose:4 mg/kg2S2,,M,221
T103901-4-0026,T103901-4,SODIUM,CLINICAL CHEMISTRY,147,mmol/L,SERUM,29,Dose:4 mg/kg2S2,4,M,221
T103901-4-0026,T103901-4,PHOS,CLINICAL CHEMISTRY,1.76,mmol/L,SERUM,29,Dose:4 mg/kg2S2,4,M,221
T103901-4-0026,,BW_D14,,275,,,14,Dose:4 mg/kg2S2,,M,221
T103901-4-0026,,BW_D1,,221,,,1,Dose:4 mg/kg2S2,,M,221
T103901-4-0026,T103901-4,CL,CLINICAL CHEMISTRY,104,mmol/L,SERUM,29,Dose:4 mg/kg2S2,4,M,221
T103901-4-0026,T103901-4,CA,CLINICAL CHEMISTRY,2.62,mmol/L,SERUM,29,Dose:4 mg/kg2S2,4,M,221
T103901-4-0026,T103901-4,RBC,HEMATOLOGY,8.64,10^12/L,PLASMA,29,Dose:4 mg/kg2S2,4,M,221
T103901-4-0027,,BW_D1,,237,,,1,Dose:4 mg/kg2S2,,M,237
T103901-4-0027,T103901-4,CL,CLINICAL CHEMISTRY,104,mmol/L,SERUM,29,Dose:4 mg/kg2S2,4,M,237
T103901-4-0027,T103901-4,SODIUM,CLINICAL CHEMISTRY,146,mmol/L,SERUM,29,Dose:4 mg/kg2S2,4,M,237
T103901-4-0027,T103901-4,K,CLINICAL CHEMISTRY,5.3,mmol/L,SERUM,29,Dose:4 mg/kg2S2,4,M,237
T103901-4-0027,,BW_D28,,342,,,28,Dose:4 mg/kg2S2,,M,237
T103901-4-0027,T103901-4,CA,CLINICAL CHEMISTRY,2.64,mmol/L,SERUM,29,Dose:4 mg/kg2S2,4,M,237
T103901-4-0027,,BW_D14,,298,,,14,Dose:4 mg/kg2S2,,M,237
T103901-4-0027,T103901-4,PHOS,CLINICAL CHEMISTRY,1.94,mmol/L,SERUM,29,Dose:4 mg/kg2S2,4,M,237
T103901-4-0027,T103901-4,RBC,HEMATOLOGY,8.95,10^12/L,PLASMA,29,Dose:4 mg/kg2S2,4,M,237
T103901-4-0028,,BW_D14,,272,,,14,Dose:4 mg/kg2S2,,M,217
T103901-4-0028,,BW_D1,,217,,,1,Dose:4 mg/kg2S2,,M,217
T103901-4-0028,T103901-4,PHOS,CLINICAL CHEMISTRY,1.63,mmol/L,SERUM,29,Dose:4 mg/kg2S2,4,M,217
T103901-4-0028,T103901-4,K,CLINICAL CHEMISTRY,5.4,mmol/L,SERUM,29,Dose:4 mg/kg2S2,4,M,217
T103901-4-0028,T103901-4,RBC,HEMATOLOGY,8.76,10^12/L,PLASMA,29,Dose:4 mg/kg2S2,4,M,217
T103901-4-0028,,BW_D28,,318,,,28,Dose:4 mg/kg2S2,,M,217
T103901-4-0028,T103901-4,CL,CLINICAL CHEMISTRY,106,mmol/L,SERUM,29,Dose:4 mg/kg2S2,4,M,217
T103901-4-0028,T103901-4,CA,CLINICAL CHEMISTRY,2.55,mmol/L,SERUM,29,Dose:4 mg/kg2S2,4,M,217
T103901-4-0028,T103901-4,SODIUM,CLINICAL CHEMISTRY,145,mmol/L,SERUM,29,Dose:4 mg/kg2S2,4,M,217
T103901-4-0029,,BW_D28,,329,,,28,Dose:4 mg/kg2S2,,M,224
T103901-4-0029,,BW_D1,,224,,,1,Dose:4 mg/kg2S2,,M,224
T103901-4-0029,T103901-4,CA,CLINICAL CHEMISTRY,2.64,mmol/L,SERUM,29,Dose:4 mg/kg2S2,4,M,224
T103901-4-0029,T103901-4,CL,CLINICAL CHEMISTRY,104,mmol/L,SERUM,29,Dose:4 mg/kg2S2,4,M,224
T103901-4-0029,,BW_D14,,286,,,14,Dose:4 mg/kg2S2,,M,224
T103901-4-0029,T103901-4,K,CLINICAL CHEMISTRY,5.2,mmol/L,SERUM,29,Dose:4 mg/kg2S2,4,M,224
T103901-4-0029,T103901-4,SODIUM,CLINICAL CHEMISTRY,146,mmol/L,SERUM,29,Dose:4 mg/kg2S2,4,M,224
T103901-4-0029,T103901-4,RBC,HEMATOLOGY,8.46,10^12/L,PLASMA,29,Dose:4 mg/kg2S2,4,M,224
T103901-4-0029,T103901-4,PHOS,CLINICAL CHEMISTRY,1.81,mmol/L,SERUM,29,Dose:4 mg/kg2S2,4,M,224
T103901-4-0036,T103901-4,CA,CLINICAL CHEMISTRY,2.69,mmol/L,SERUM,29,Dose:25 mg/kg3S1,25,M,221
T103901-4-0036,T103901-4,SODIUM,CLINICAL CHEMISTRY,147,mmol/L,SERUM,29,Dose:25 mg/kg3S1,25,M,221
T103901-4-0036,T103901-4,RBC,HEMATOLOGY,9.72,10^12/L,PLASMA,29,Dose:25 mg/kg3S1,25,M,221
T103901-4-0036,T103901-4,PHOS,CLINICAL CHEMISTRY,1.75,mmol/L,SERUM,29,Dose:25 mg/kg3S1,25,M,221
T103901-4-0036,,BW_D1,,221,,,1,Dose:25 mg/kg3S1,,M,221
T103901-4-0036,T103901-4,CL,CLINICAL CHEMISTRY,105,mmol/L,SERUM,29,Dose:25 mg/kg3S1,25,M,221
T103901-4-0036,,BW_D14,,268,,,14,Dose:25 mg/kg3S1,,M,221
T103901-4-0036,,BW_D28,,284,,,28,Dose:25 mg/kg3S1,,M,221
T103901-4-0036,T103901-4,K,CLINICAL CHEMISTRY,4.9,mmol/L,SERUM,29,Dose:25 mg/kg3S1,25,M,221
T103901-4-0037,,BW_D1,,246,,,1,Dose:25 mg/kg3S1,,M,246
T103901-4-0037,,BW_D28,,396,,,28,Dose:25 mg/kg3S1,,M,246
T103901-4-0037,T103901-4,CL,CLINICAL CHEMISTRY,104,mmol/L,SERUM,29,Dose:25 mg/kg3S1,25,M,246
T103901-4-0037,T103901-4,SODIUM,CLINICAL CHEMISTRY,147,mmol/L,SERUM,29,Dose:25 mg/kg3S1,25,M,246
T103901-4-0037,,BW_D14,,326,,,14,Dose:25 mg/kg3S1,,M,246
T103901-4-0037,T103901-4,RBC,HEMATOLOGY,8.19,10^12/L,PLASMA,29,Dose:25 mg/kg3S1,25,M,246
T103901-4-0037,T103901-4,PHOS,CLINICAL CHEMISTRY,2.04,mmol/L,SERUM,29,Dose:25 mg/kg3S1,25,M,246
T103901-4-0037,T103901-4,K,CLINICAL CHEMISTRY,5.3,mmol/L,SERUM,29,Dose:25 mg/kg3S1,25,M,246
T103901-4-0037,T103901-4,CA,CLINICAL CHEMISTRY,2.65,mmol/L,SERUM,29,Dose:25 mg/kg3S1,25,M,246
T103901-4-0038,,BW_D1,,218,,,1,Dose:25 mg/kg3S1,,M,218
T103901-4-0038,,BW_D14,,274,,,14,Dose:25 mg/kg3S1,,M,218
T103901-4-0038,T103901-4,SODIUM,CLINICAL CHEMISTRY,145,mmol/L,SERUM,29,Dose:25 mg/kg3S1,25,M,218
T103901-4-0038,,BW_D28,,303,,,28,Dose:25 mg/kg3S1,,M,218
T103901-4-0038,T103901-4,PHOS,CLINICAL CHEMISTRY,1.89,mmol/L,SERUM,29,Dose:25 mg/kg3S1,25,M,218
T103901-4-0038,T103901-4,RBC,HEMATOLOGY,8.92,10^12/L,PLASMA,29,Dose:25 mg/kg3S1,25,M,218
T103901-4-0038,T103901-4,K,CLINICAL CHEMISTRY,5.7,mmol/L,SERUM,29,Dose:25 mg/kg3S1,25,M,218
T103901-4-0038,T103901-4,CL,CLINICAL CHEMISTRY,104,mmol/L,SERUM,29,Dose:25 mg/kg3S1,25,M,218
T103901-4-0038,T103901-4,CA,CLINICAL CHEMISTRY,2.63,mmol/L,SERUM,29,Dose:25 mg/kg3S1,25,M,218
T103901-4-0039,T103901-4,SODIUM,CLINICAL CHEMISTRY,148,mmol/L,SERUM,29,Dose:25 mg/kg3S1,25,M,206
T103901-4-0039,T103901-4,PHOS,CLINICAL CHEMISTRY,1.74,mmol/L,SERUM,29,Dose:25 mg/kg3S1,25,M,206
T103901-4-0039,,BW_D14,,240,,,14,Dose:25 mg/kg3S1,,M,206
T103901-4-0039,T103901-4,CL,CLINICAL CHEMISTRY,106,mmol/L,SERUM,29,Dose:25 mg/kg3S1,25,M,206
T103901-4-0039,,BW_D1,,206,,,1,Dose:25 mg/kg3S1,,M,206
T103901-4-0039,T103901-4,K,CLINICAL CHEMISTRY,5,mmol/L,SERUM,29,Dose:25 mg/kg3S1,25,M,206
T103901-4-0039,T103901-4,CA,CLINICAL CHEMISTRY,2.59,mmol/L,SERUM,29,Dose:25 mg/kg3S1,25,M,206
T103901-4-0039,,BW_D28,,260,,,28,Dose:25 mg/kg3S1,,M,206
T103901-4-0039,T103901-4,RBC,HEMATOLOGY,9.35,10^12/L,PLASMA,29,Dose:25 mg/kg3S1,25,M,206
T103901-4-0040,T103901-4,CA,CLINICAL CHEMISTRY,2.63,mmol/L,SERUM,29,Dose:25 mg/kg3S1,25,M,232
T103901-4-0040,T103901-4,SODIUM,CLINICAL CHEMISTRY,147,mmol/L,SERUM,29,Dose:25 mg/kg3S1,25,M,232
T103901-4-0040,T103901-4,PHOS,CLINICAL CHEMISTRY,1.99,mmol/L,SERUM,29,Dose:25 mg/kg3S1,25,M,232
T103901-4-0040,T103901-4,RBC,HEMATOLOGY,9.39,10^12/L,PLASMA,29,Dose:25 mg/kg3S1,25,M,232
T103901-4-0040,,BW_D1,,232,,,1,Dose:25 mg/kg3S1,,M,232
T103901-4-0040,,BW_D28,,338,,,28,Dose:25 mg/kg3S1,,M,232
T103901-4-0040,,BW_D14,,303,,,14,Dose:25 mg/kg3S1,,M,232
T103901-4-0040,T103901-4,CL,CLINICAL CHEMISTRY,104,mmol/L,SERUM,29,Dose:25 mg/kg3S1,25,M,232
T103901-4-0040,T103901-4,K,CLINICAL CHEMISTRY,5.6,mmol/L,SERUM,29,Dose:25 mg/kg3S1,25,M,232
T103901-4-0041,T103901-4,RBC,HEMATOLOGY,9.03,10^12/L,PLASMA,29,Dose:25 mg/kg3S2,25,M,234
T103901-4-0041,,BW_D1,,234,,,1,Dose:25 mg/kg3S2,,M,234
T103901-4-0041,,BW_D28,,310,,,28,Dose:25 mg/kg3S2,,M,234
T103901-4-0041,T103901-4,CL,CLINICAL CHEMISTRY,105,mmol/L,SERUM,29,Dose:25 mg/kg3S2,25,M,234
T103901-4-0041,T103901-4,CA,CLINICAL CHEMISTRY,2.69,mmol/L,SERUM,29,Dose:25 mg/kg3S2,25,M,234
T103901-4-0041,,BW_D14,,279,,,14,Dose:25 mg/kg3S2,,M,234
T103901-4-0041,T103901-4,PHOS,CLINICAL CHEMISTRY,1.41,mmol/L,SERUM,29,Dose:25 mg/kg3S2,25,M,234
T103901-4-0041,T103901-4,SODIUM,CLINICAL CHEMISTRY,146,mmol/L,SERUM,29,Dose:25 mg/kg3S2,25,M,234
T103901-4-0041,T103901-4,K,CLINICAL CHEMISTRY,5.7,mmol/L,SERUM,29,Dose:25 mg/kg3S2,25,M,234
T103901-4-0042,,BW_D1,,201,,,1,Dose:25 mg/kg3S2,,M,201
T103901-4-0042,,BW_D14,,253,,,14,Dose:25 mg/kg3S2,,M,201
T103901-4-0042,,BW_D28,,287,,,28,Dose:25 mg/kg3S2,,M,201
T103901-4-0042,T103901-4,CA,CLINICAL CHEMISTRY,2.57,mmol/L,SERUM,29,Dose:25 mg/kg3S2,25,M,201
T103901-4-0042,T103901-4,K,CLINICAL CHEMISTRY,5.1,mmol/L,SERUM,29,Dose:25 mg/kg3S2,25,M,201
T103901-4-0042,T103901-4,PHOS,CLINICAL CHEMISTRY,1.7,mmol/L,SERUM,29,Dose:25 mg/kg3S2,25,M,201
T103901-4-0042,T103901-4,CL,CLINICAL CHEMISTRY,105,mmol/L,SERUM,29,Dose:25 mg/kg3S2,25,M,201
T103901-4-0042,T103901-4,RBC,HEMATOLOGY,8.83,10^12/L,PLASMA,29,Dose:25 mg/kg3S2,25,M,201
T103901-4-0042,T103901-4,SODIUM,CLINICAL CHEMISTRY,146,mmol/L,SERUM,29,Dose:25 mg/kg3S2,25,M,201
T103901-4-0043,T103901-4,K,CLINICAL CHEMISTRY,5.1,mmol/L,SERUM,29,Dose:25 mg/kg3S2,25,M,232
T103901-4-0043,,BW_D14,,281,,,14,Dose:25 mg/kg3S2,,M,232
T103901-4-0043,,BW_D28,,321,,,28,Dose:25 mg/kg3S2,,M,232
T103901-4-0043,,BW_D1,,232,,,1,Dose:25 mg/kg3S2,,M,232
T103901-4-0043,T103901-4,SODIUM,CLINICAL CHEMISTRY,147,mmol/L,SERUM,29,Dose:25 mg/kg3S2,25,M,232
T103901-4-0043,T103901-4,CA,CLINICAL CHEMISTRY,2.66,mmol/L,SERUM,29,Dose:25 mg/kg3S2,25,M,232
T103901-4-0043,T103901-4,PHOS,CLINICAL CHEMISTRY,1.4,mmol/L,SERUM,29,Dose:25 mg/kg3S2,25,M,232
T103901-4-0043,T103901-4,RBC,HEMATOLOGY,9.66,10^12/L,PLASMA,29,Dose:25 mg/kg3S2,25,M,232
T103901-4-0043,T103901-4,CL,CLINICAL CHEMISTRY,105,mmol/L,SERUM,29,Dose:25 mg/kg3S2,25,M,232
T103901-4-0044,T103901-4,CA,CLINICAL CHEMISTRY,2.59,mmol/L,SERUM,29,Dose:25 mg/kg3S2,25,M,213
T103901-4-0044,T103901-4,K,CLINICAL CHEMISTRY,5.3,mmol/L,SERUM,29,Dose:25 mg/kg3S2,25,M,213
T103901-4-0044,,BW_D14,,287,,,14,Dose:25 mg/kg3S2,,M,213
T103901-4-0044,,BW_D1,,213,,,1,Dose:25 mg/kg3S2,,M,213
T103901-4-0044,T103901-4,PHOS,CLINICAL CHEMISTRY,1.72,mmol/L,SERUM,29,Dose:25 mg/kg3S2,25,M,213
T103901-4-0044,,BW_D28,,338,,,28,Dose:25 mg/kg3S2,,M,213
T103901-4-0044,T103901-4,SODIUM,CLINICAL CHEMISTRY,146,mmol/L,SERUM,29,Dose:25 mg/kg3S2,25,M,213
T103901-4-0044,T103901-4,RBC,HEMATOLOGY,8.36,10^12/L,PLASMA,29,Dose:25 mg/kg3S2,25,M,213
T103901-4-0044,T103901-4,CL,CLINICAL CHEMISTRY,105,mmol/L,SERUM,29,Dose:25 mg/kg3S2,25,M,213
T103901-4-0045,,BW_D28,,295,,,28,Dose:25 mg/kg3S2,,M,215
T103901-4-0045,T103901-4,CL,CLINICAL CHEMISTRY,105,mmol/L,SERUM,29,Dose:25 mg/kg3S2,25,M,215
T103901-4-0045,T103901-4,SODIUM,CLINICAL CHEMISTRY,148,mmol/L,SERUM,29,Dose:25 mg/kg3S2,25,M,215
T103901-4-0045,T103901-4,PHOS,CLINICAL CHEMISTRY,1.54,mmol/L,SERUM,29,Dose:25 mg/kg3S2,25,M,215
T103901-4-0045,,BW_D1,,215,,,1,Dose:25 mg/kg3S2,,M,215
T103901-4-0045,T103901-4,RBC,HEMATOLOGY,8.93,10^12/L,PLASMA,29,Dose:25 mg/kg3S2,25,M,215
T103901-4-0045,,BW_D14,,270,,,14,Dose:25 mg/kg3S2,,M,215
T103901-4-0045,T103901-4,K,CLINICAL CHEMISTRY,5.1,mmol/L,SERUM,29,Dose:25 mg/kg3S2,25,M,215
T103901-4-0045,T103901-4,CA,CLINICAL CHEMISTRY,2.65,mmol/L,SERUM,29,Dose:25 mg/kg3S2,25,M,215
T103901-4-0052,,BW_D1,,207,,,1,Dose:150 mg/kg4S1,,M,207
T103901-4-0052,,BW_D28,,299,,,28,Dose:150 mg/kg4S1,,M,207
T103901-4-0052,T103901-4,RBC,HEMATOLOGY,8.96,10^12/L,PLASMA,29,Dose:150 mg/kg4S1,150,M,207
T103901-4-0052,,BW_D14,,264,,,14,Dose:150 mg/kg4S1,,M,207
T103901-4-0052,T103901-4,CL,CLINICAL CHEMISTRY,104,mmol/L,SERUM,29,Dose:150 mg/kg4S1,150,M,207
T103901-4-0052,T103901-4,K,CLINICAL CHEMISTRY,5.8,mmol/L,SERUM,29,Dose:150 mg/kg4S1,150,M,207
T103901-4-0052,T103901-4,SODIUM,CLINICAL CHEMISTRY,148,mmol/L,SERUM,29,Dose:150 mg/kg4S1,150,M,207
T103901-4-0052,T103901-4,CA,CLINICAL CHEMISTRY,2.67,mmol/L,SERUM,29,Dose:150 mg/kg4S1,150,M,207
T103901-4-0052,T103901-4,PHOS,CLINICAL CHEMISTRY,2.33,mmol/L,SERUM,29,Dose:150 mg/kg4S1,150,M,207
T103901-4-0053,,BW_D14,,256,,,14,Dose:150 mg/kg4S1,,M,210
T103901-4-0053,,BW_D28,,277,,,28,Dose:150 mg/kg4S1,,M,210
T103901-4-0053,,BW_D1,,210,,,1,Dose:150 mg/kg4S1,,M,210
T103901-4-0053,T103901-4,RBC,HEMATOLOGY,9.03,10^12/L,PLASMA,29,Dose:150 mg/kg4S1,150,M,210
T103901-4-0053,T103901-4,CL,CLINICAL CHEMISTRY,106,mmol/L,SERUM,29,Dose:150 mg/kg4S1,150,M,210
T103901-4-0053,T103901-4,PHOS,CLINICAL CHEMISTRY,1.68,mmol/L,SERUM,29,Dose:150 mg/kg4S1,150,M,210
T103901-4-0053,T103901-4,CA,CLINICAL CHEMISTRY,2.66,mmol/L,SERUM,29,Dose:150 mg/kg4S1,150,M,210
T103901-4-0053,T103901-4,K,CLINICAL CHEMISTRY,5.7,mmol/L,SERUM,29,Dose:150 mg/kg4S1,150,M,210
T103901-4-0053,T103901-4,SODIUM,CLINICAL CHEMISTRY,147,mmol/L,SERUM,29,Dose:150 mg/kg4S1,150,M,210
T103901-4-0054,,BW_D1,,223,,,1,Dose:150 mg/kg4S1,,M,223
T103901-4-0054,,BW_D28,,342,,,28,Dose:150 mg/kg4S1,,M,223
T103901-4-0054,,BW_D14,,294,,,14,Dose:150 mg/kg4S1,,M,223
T103901-4-0054,T103901-4,RBC,HEMATOLOGY,9.69,10^12/L,PLASMA,29,Dose:150 mg/kg4S1,150,M,223
T103901-4-0054,T103901-4,PHOS,CLINICAL CHEMISTRY,2.39,mmol/L,SERUM,29,Dose:150 mg/kg4S1,150,M,223
T103901-4-0054,T103901-4,SODIUM,CLINICAL CHEMISTRY,148,mmol/L,SERUM,29,Dose:150 mg/kg4S1,150,M,223
T103901-4-0054,T103901-4,CA,CLINICAL CHEMISTRY,2.74,mmol/L,SERUM,29,Dose:150 mg/kg4S1,150,M,223
T103901-4-0054,T103901-4,K,CLINICAL CHEMISTRY,5.4,mmol/L,SERUM,29,Dose:150 mg/kg4S1,150,M,223
T103901-4-0054,T103901-4,CL,CLINICAL CHEMISTRY,103,mmol/L,SERUM,29,Dose:150 mg/kg4S1,150,M,223
T103901-4-0055,T103901-4,RBC,HEMATOLOGY,9.31,10^12/L,PLASMA,29,Dose:150 mg/kg4S1,150,M,215
T103901-4-0055,,BW_D14,,252,,,14,Dose:150 mg/kg4S1,,M,215
T103901-4-0055,,BW_D28,,279,,,28,Dose:150 mg/kg4S1,,M,215
T103901-4-0055,T103901-4,K,CLINICAL CHEMISTRY,5.4,mmol/L,SERUM,29,Dose:150 mg/kg4S1,150,M,215
T103901-4-0055,,BW_D1,,215,,,1,Dose:150 mg/kg4S1,,M,215
T103901-4-0055,T103901-4,SODIUM,CLINICAL CHEMISTRY,148,mmol/L,SERUM,29,Dose:150 mg/kg4S1,150,M,215
T103901-4-0055,T103901-4,CL,CLINICAL CHEMISTRY,105,mmol/L,SERUM,29,Dose:150 mg/kg4S1,150,M,215
T103901-4-0055,T103901-4,CA,CLINICAL CHEMISTRY,2.67,mmol/L,SERUM,29,Dose:150 mg/kg4S1,150,M,215
T103901-4-0055,T103901-4,PHOS,CLINICAL CHEMISTRY,2.35,mmol/L,SERUM,29,Dose:150 mg/kg4S1,150,M,215
T103901-4-0056,T103901-4,RBC,HEMATOLOGY,9.11,10^12/L,PLASMA,29,Dose:150 mg/kg4S1,150,M,221
T103901-4-0056,,BW_D1,,221,,,1,Dose:150 mg/kg4S1,,M,221
T103901-4-0056,,BW_D28,,328,,,28,Dose:150 mg/kg4S1,,M,221
T103901-4-0056,,BW_D14,,283,,,14,Dose:150 mg/kg4S1,,M,221
T103901-4-0056,T103901-4,CA,CLINICAL CHEMISTRY,2.72,mmol/L,SERUM,29,Dose:150 mg/kg4S1,150,M,221
T103901-4-0056,T103901-4,CL,CLINICAL CHEMISTRY,103,mmol/L,SERUM,29,Dose:150 mg/kg4S1,150,M,221
T103901-4-0056,T103901-4,SODIUM,CLINICAL CHEMISTRY,146,mmol/L,SERUM,29,Dose:150 mg/kg4S1,150,M,221
T103901-4-0056,T103901-4,PHOS,CLINICAL CHEMISTRY,2.37,mmol/L,SERUM,29,Dose:150 mg/kg4S1,150,M,221
T103901-4-0056,T103901-4,K,CLINICAL CHEMISTRY,5.9,mmol/L,SERUM,29,Dose:150 mg/kg4S1,150,M,221
T103901-4-0057,T103901-4,CL,CLINICAL CHEMISTRY,103,mmol/L,SERUM,29,Dose:150 mg/kg4S2,150,M,201
T103901-4-0057,,BW_D28,,313,,,28,Dose:150 mg/kg4S2,,M,201
T103901-4-0057,,BW_D1,,201,,,1,Dose:150 mg/kg4S2,,M,201
T103901-4-0057,T103901-4,SODIUM,CLINICAL CHEMISTRY,148,mmol/L,SERUM,29,Dose:150 mg/kg4S2,150,M,201
T103901-4-0057,T103901-4,RBC,HEMATOLOGY,8.54,10^12/L,PLASMA,29,Dose:150 mg/kg4S2,150,M,201
T103901-4-0057,,BW_D14,,271,,,14,Dose:150 mg/kg4S2,,M,201
T103901-4-0057,T103901-4,PHOS,CLINICAL CHEMISTRY,2.73,mmol/L,SERUM,29,Dose:150 mg/kg4S2,150,M,201
T103901-4-0057,T103901-4,K,CLINICAL CHEMISTRY,5.3,mmol/L,SERUM,29,Dose:150 mg/kg4S2,150,M,201
T103901-4-0057,T103901-4,CA,CLINICAL CHEMISTRY,2.66,mmol/L,SERUM,29,Dose:150 mg/kg4S2,150,M,201
T103901-4-0058,T103901-4,RBC,HEMATOLOGY,9.02,10^12/L,PLASMA,29,Dose:150 mg/kg4S2,150,M,210
T103901-4-0058,,BW_D28,,301,,,28,Dose:150 mg/kg4S2,,M,210
T103901-4-0058,,BW_D1,,210,,,1,Dose:150 mg/kg4S2,,M,210
T103901-4-0058,,BW_D14,,271,,,14,Dose:150 mg/kg4S2,,M,210
T103901-4-0058,T103901-4,PHOS,CLINICAL CHEMISTRY,2.28,mmol/L,SERUM,29,Dose:150 mg/kg4S2,150,M,210
T103901-4-0058,T103901-4,CL,CLINICAL CHEMISTRY,103,mmol/L,SERUM,29,Dose:150 mg/kg4S2,150,M,210
T103901-4-0058,T103901-4,SODIUM,CLINICAL CHEMISTRY,147,mmol/L,SERUM,29,Dose:150 mg/kg4S2,150,M,210
T103901-4-0058,T103901-4,CA,CLINICAL CHEMISTRY,2.67,mmol/L,SERUM,29,Dose:150 mg/kg4S2,150,M,210
T103901-4-0058,T103901-4,K,CLINICAL CHEMISTRY,5.4,mmol/L,SERUM,29,Dose:150 mg/kg4S2,150,M,210
T103901-4-0059,T103901-4,CL,CLINICAL CHEMISTRY,105,mmol/L,SERUM,29,Dose:150 mg/kg4S2,150,M,203
T103901-4-0059,T103901-4,RBC,HEMATOLOGY,8.82,10^12/L,PLASMA,29,Dose:150 mg/kg4S2,150,M,203
T103901-4-0059,,BW_D14,,254,,,14,Dose:150 mg/kg4S2,,M,203
T103901-4-0059,,BW_D28,,285,,,28,Dose:150 mg/kg4S2,,M,203
T103901-4-0059,,BW_D1,,203,,,1,Dose:150 mg/kg4S2,,M,203
T103901-4-0059,T103901-4,CA,CLINICAL CHEMISTRY,2.68,mmol/L,SERUM,29,Dose:150 mg/kg4S2,150,M,203
T103901-4-0059,T103901-4,SODIUM,CLINICAL CHEMISTRY,149,mmol/L,SERUM,29,Dose:150 mg/kg4S2,150,M,203
T103901-4-0059,T103901-4,K,CLINICAL CHEMISTRY,5.1,mmol/L,SERUM,29,Dose:150 mg/kg4S2,150,M,203
T103901-4-0059,T103901-4,PHOS,CLINICAL CHEMISTRY,2.35,mmol/L,SERUM,29,Dose:150 mg/kg4S2,150,M,203
T103901-4-0060,,BW_D14,,294,,,14,Dose:150 mg/kg4S2,,M,224
T103901-4-0060,,BW_D28,,335,,,28,Dose:150 mg/kg4S2,,M,224
T103901-4-0060,T103901-4,RBC,HEMATOLOGY,8.45,10^12/L,PLASMA,29,Dose:150 mg/kg4S2,150,M,224
T103901-4-0060,T103901-4,K,CLINICAL CHEMISTRY,5.3,mmol/L,SERUM,29,Dose:150 mg/kg4S2,150,M,224
T103901-4-0060,,BW_D1,,224,,,1,Dose:150 mg/kg4S2,,M,224
T103901-4-0060,T103901-4,CA,CLINICAL CHEMISTRY,2.76,mmol/L,SERUM,29,Dose:150 mg/kg4S2,150,M,224
T103901-4-0060,T103901-4,PHOS,CLINICAL CHEMISTRY,1.91,mmol/L,SERUM,29,Dose:150 mg/kg4S2,150,M,224
T103901-4-0060,T103901-4,CL,CLINICAL CHEMISTRY,104,mmol/L,SERUM,29,Dose:150 mg/kg4S2,150,M,224
T103901-4-0060,T103901-4,SODIUM,CLINICAL CHEMISTRY,147,mmol/L,SERUM,29,Dose:150 mg/kg4S2,150,M,224
T103901-4-0061,,BW_D28,,325,,,28,Dose:150 mg/kg4S2,,M,223
T103901-4-0061,,BW_D1,,223,,,1,Dose:150 mg/kg4S2,,M,223
T103901-4-0061,T103901-4,CA,CLINICAL CHEMISTRY,2.63,mmol/L,SERUM,29,Dose:150 mg/kg4S2,150,M,223
T103901-4-0061,,BW_D14,,283,,,14,Dose:150 mg/kg4S2,,M,223
T103901-4-0061,T103901-4,RBC,HEMATOLOGY,8.61,10^12/L,PLASMA,29,Dose:150 mg/kg4S2,150,M,223
T103901-4-0061,T103901-4,SODIUM,CLINICAL CHEMISTRY,148,mmol/L,SERUM,29,Dose:150 mg/kg4S2,150,M,223
T103901-4-0061,T103901-4,PHOS,CLINICAL CHEMISTRY,2.3,mmol/L,SERUM,29,Dose:150 mg/kg4S2,150,M,223
T103901-4-0061,T103901-4,K,CLINICAL CHEMISTRY,5.5,mmol/L,SERUM,29,Dose:150 mg/kg4S2,150,M,223
T103901-4-0061,T103901-4,CL,CLINICAL CHEMISTRY,104,mmol/L,SERUM,29,Dose:150 mg/kg4S2,150,M,223
T103901-4-0074,,BW_D1,,164,,,1,Vehicle control:0 mg/kg1S1,,F,164
T103901-4-0074,,BW_D28,,200,,,28,Vehicle control:0 mg/kg1S1,,F,164
T103901-4-0074,T103901-4,SODIUM,CLINICAL CHEMISTRY,146,mmol/L,SERUM,30,Vehicle control:0 mg/kg1S1,0,F,164
T103901-4-0074,T103901-4,PHOS,CLINICAL CHEMISTRY,2.02,mmol/L,SERUM,30,Vehicle control:0 mg/kg1S1,0,F,164
T103901-4-0074,T103901-4,CA,CLINICAL CHEMISTRY,2.54,mmol/L,SERUM,30,Vehicle control:0 mg/kg1S1,0,F,164
T103901-4-0074,,BW_D14,,189,,,14,Vehicle control:0 mg/kg1S1,,F,164
T103901-4-0074,T103901-4,CL,CLINICAL CHEMISTRY,104,mmol/L,SERUM,30,Vehicle control:0 mg/kg1S1,0,F,164
T103901-4-0074,T103901-4,RBC,HEMATOLOGY,7.18,10^12/L,PLASMA,30,Vehicle control:0 mg/kg1S1,0,F,164
T103901-4-0074,T103901-4,K,CLINICAL CHEMISTRY,4.5,mmol/L,SERUM,30,Vehicle control:0 mg/kg1S1,0,F,164
T103901-4-0075,,BW_D28,,186,,,28,Vehicle control:0 mg/kg1S1,,F,148
T103901-4-0075,,BW_D1,,148,,,1,Vehicle control:0 mg/kg1S1,,F,148
T103901-4-0075,T103901-4,PHOS,CLINICAL CHEMISTRY,1.43,mmol/L,SERUM,30,Vehicle control:0 mg/kg1S1,0,F,148
T103901-4-0075,T103901-4,SODIUM,CLINICAL CHEMISTRY,147,mmol/L,SERUM,30,Vehicle control:0 mg/kg1S1,0,F,148
T103901-4-0075,,BW_D14,,169,,,14,Vehicle control:0 mg/kg1S1,,F,148
T103901-4-0075,T103901-4,CA,CLINICAL CHEMISTRY,2.43,mmol/L,SERUM,30,Vehicle control:0 mg/kg1S1,0,F,148
T103901-4-0075,T103901-4,K,CLINICAL CHEMISTRY,4.4,mmol/L,SERUM,30,Vehicle control:0 mg/kg1S1,0,F,148
T103901-4-0075,T103901-4,CL,CLINICAL CHEMISTRY,105,mmol/L,SERUM,30,Vehicle control:0 mg/kg1S1,0,F,148
T103901-4-0075,T103901-4,RBC,HEMATOLOGY,7.88,10^12/L,PLASMA,30,Vehicle control:0 mg/kg1S1,0,F,148
T103901-4-0076,,BW_D14,,196,,,14,Vehicle control:0 mg/kg1S1,,F,157
T103901-4-0076,T103901-4,PHOS,CLINICAL CHEMISTRY,1.74,mmol/L,SERUM,30,Vehicle control:0 mg/kg1S1,0,F,157
T103901-4-0076,,BW_D28,,217,,,28,Vehicle control:0 mg/kg1S1,,F,157
T103901-4-0076,T103901-4,RBC,HEMATOLOGY,8.09,10^12/L,PLASMA,30,Vehicle control:0 mg/kg1S1,0,F,157
T103901-4-0076,T103901-4,CA,CLINICAL CHEMISTRY,2.66,mmol/L,SERUM,30,Vehicle control:0 mg/kg1S1,0,F,157
T103901-4-0076,T103901-4,SODIUM,CLINICAL CHEMISTRY,148,mmol/L,SERUM,30,Vehicle control:0 mg/kg1S1,0,F,157
T103901-4-0076,,BW_D1,,157,,,1,Vehicle control:0 mg/kg1S1,,F,157
T103901-4-0076,T103901-4,K,CLINICAL CHEMISTRY,4.2,mmol/L,SERUM,30,Vehicle control:0 mg/kg1S1,0,F,157
T103901-4-0076,T103901-4,CL,CLINICAL CHEMISTRY,103,mmol/L,SERUM,30,Vehicle control:0 mg/kg1S1,0,F,157
T103901-4-0077,,BW_D14,,186,,,14,Vehicle control:0 mg/kg1S1,,F,143
T103901-4-0077,,BW_D1,,143,,,1,Vehicle control:0 mg/kg1S1,,F,143
T103901-4-0077,T103901-4,SODIUM,CLINICAL CHEMISTRY,147,mmol/L,SERUM,30,Vehicle control:0 mg/kg1S1,0,F,143
T103901-4-0077,T103901-4,CA,CLINICAL CHEMISTRY,2.48,mmol/L,SERUM,30,Vehicle control:0 mg/kg1S1,0,F,143
T103901-4-0077,T103901-4,PHOS,CLINICAL CHEMISTRY,1.56,mmol/L,SERUM,30,Vehicle control:0 mg/kg1S1,0,F,143
T103901-4-0077,T103901-4,K,CLINICAL CHEMISTRY,4.1,mmol/L,SERUM,30,Vehicle control:0 mg/kg1S1,0,F,143
T103901-4-0077,T103901-4,CL,CLINICAL CHEMISTRY,104,mmol/L,SERUM,30,Vehicle control:0 mg/kg1S1,0,F,143
T103901-4-0077,,BW_D28,,205,,,28,Vehicle control:0 mg/kg1S1,,F,143
T103901-4-0077,T103901-4,RBC,HEMATOLOGY,8.06,10^12/L,PLASMA,30,Vehicle control:0 mg/kg1S1,0,F,143
T103901-4-0078,,BW_D1,,167,,,1,Vehicle control:0 mg/kg1S1,,F,167
T103901-4-0078,,BW_D14,,184,,,14,Vehicle control:0 mg/kg1S1,,F,167
T103901-4-0078,T103901-4,RBC,HEMATOLOGY,8.18,10^12/L,PLASMA,30,Vehicle control:0 mg/kg1S1,0,F,167
T103901-4-0078,T103901-4,SODIUM,CLINICAL CHEMISTRY,147,mmol/L,SERUM,30,Vehicle control:0 mg/kg1S1,0,F,167
T103901-4-0078,,BW_D28,,181,,,28,Vehicle control:0 mg/kg1S1,,F,167
T103901-4-0078,T103901-4,PHOS,CLINICAL CHEMISTRY,1.47,mmol/L,SERUM,30,Vehicle control:0 mg/kg1S1,0,F,167
T103901-4-0078,T103901-4,CA,CLINICAL CHEMISTRY,2.56,mmol/L,SERUM,30,Vehicle control:0 mg/kg1S1,0,F,167
T103901-4-0078,T103901-4,CL,CLINICAL CHEMISTRY,104,mmol/L,SERUM,30,Vehicle control:0 mg/kg1S1,0,F,167
T103901-4-0078,T103901-4,K,CLINICAL CHEMISTRY,4.6,mmol/L,SERUM,30,Vehicle control:0 mg/kg1S1,0,F,167
T103901-4-0079,T103901-4,SODIUM,CLINICAL CHEMISTRY,147,mmol/L,SERUM,30,Vehicle control:0 mg/kg1S2,0,F,156
T103901-4-0079,,BW_D28,,224,,,28,Vehicle control:0 mg/kg1S2,,F,156
T103901-4-0079,T103901-4,CL,CLINICAL CHEMISTRY,105,mmol/L,SERUM,30,Vehicle control:0 mg/kg1S2,0,F,156
T103901-4-0079,,BW_D14,,198,,,14,Vehicle control:0 mg/kg1S2,,F,156
T103901-4-0079,T103901-4,RBC,HEMATOLOGY,8.22,10^12/L,PLASMA,30,Vehicle control:0 mg/kg1S2,0,F,156
T103901-4-0079,,BW_D1,,156,,,1,Vehicle control:0 mg/kg1S2,,F,156
T103901-4-0079,T103901-4,CA,CLINICAL CHEMISTRY,2.43,mmol/L,SERUM,30,Vehicle control:0 mg/kg1S2,0,F,156
T103901-4-0079,T103901-4,PHOS,CLINICAL CHEMISTRY,1.34,mmol/L,SERUM,30,Vehicle control:0 mg/kg1S2,0,F,156
T103901-4-0079,T103901-4,K,CLINICAL CHEMISTRY,4.1,mmol/L,SERUM,30,Vehicle control:0 mg/kg1S2,0,F,156
T103901-4-0080,,BW_D1,,152,,,1,Vehicle control:0 mg/kg1S2,,F,152
T103901-4-0080,T103901-4,PHOS,CLINICAL CHEMISTRY,1.51,mmol/L,SERUM,30,Vehicle control:0 mg/kg1S2,0,F,152
T103901-4-0080,T103901-4,SODIUM,CLINICAL CHEMISTRY,146,mmol/L,SERUM,30,Vehicle control:0 mg/kg1S2,0,F,152
T103901-4-0080,,BW_D28,,189,,,28,Vehicle control:0 mg/kg1S2,,F,152
T103901-4-0080,T103901-4,K,CLINICAL CHEMISTRY,4.5,mmol/L,SERUM,30,Vehicle control:0 mg/kg1S2,0,F,152
T103901-4-0080,,BW_D14,,172,,,14,Vehicle control:0 mg/kg1S2,,F,152
T103901-4-0080,T103901-4,CL,CLINICAL CHEMISTRY,105,mmol/L,SERUM,30,Vehicle control:0 mg/kg1S2,0,F,152
T103901-4-0080,T103901-4,RBC,HEMATOLOGY,7.52,10^12/L,PLASMA,30,Vehicle control:0 mg/kg1S2,0,F,152
T103901-4-0080,T103901-4,CA,CLINICAL CHEMISTRY,2.54,mmol/L,SERUM,30,Vehicle control:0 mg/kg1S2,0,F,152
T103901-4-0081,,BW_D1,,151,,,1,Vehicle control:0 mg/kg1S2,,F,151
T103901-4-0081,,BW_D14,,182,,,14,Vehicle control:0 mg/kg1S2,,F,151
T103901-4-0081,,BW_D28,,199,,,28,Vehicle control:0 mg/kg1S2,,F,151
T103901-4-0081,T103901-4,SODIUM,CLINICAL CHEMISTRY,148,mmol/L,SERUM,30,Vehicle control:0 mg/kg1S2,0,F,151
T103901-4-0081,T103901-4,CL,CLINICAL CHEMISTRY,107,mmol/L,SERUM,30,Vehicle control:0 mg/kg1S2,0,F,151
T103901-4-0081,T103901-4,K,CLINICAL CHEMISTRY,4.2,mmol/L,SERUM,30,Vehicle control:0 mg/kg1S2,0,F,151
T103901-4-0081,T103901-4,PHOS,CLINICAL CHEMISTRY,1.61,mmol/L,SERUM,30,Vehicle control:0 mg/kg1S2,0,F,151
T103901-4-0081,T103901-4,CA,CLINICAL CHEMISTRY,2.51,mmol/L,SERUM,30,Vehicle control:0 mg/kg1S2,0,F,151
T103901-4-0081,T103901-4,RBC,HEMATOLOGY,8.04,10^12/L,PLASMA,30,Vehicle control:0 mg/kg1S2,0,F,151
T103901-4-0082,T103901-4,CL,CLINICAL CHEMISTRY,106,mmol/L,SERUM,30,Vehicle control:0 mg/kg1S2,0,F,168
T103901-4-0082,,BW_D28,,216,,,28,Vehicle control:0 mg/kg1S2,,F,168
T103901-4-0082,,BW_D1,,168,,,1,Vehicle control:0 mg/kg1S2,,F,168
T103901-4-0082,T103901-4,K,CLINICAL CHEMISTRY,4.3,mmol/L,SERUM,30,Vehicle control:0 mg/kg1S2,0,F,168
T103901-4-0082,,BW_D14,,191,,,14,Vehicle control:0 mg/kg1S2,,F,168
T103901-4-0082,T103901-4,CA,CLINICAL CHEMISTRY,2.56,mmol/L,SERUM,30,Vehicle control:0 mg/kg1S2,0,F,168
T103901-4-0082,T103901-4,PHOS,CLINICAL CHEMISTRY,1.55,mmol/L,SERUM,30,Vehicle control:0 mg/kg1S2,0,F,168
T103901-4-0082,T103901-4,RBC,HEMATOLOGY,8.33,10^12/L,PLASMA,30,Vehicle control:0 mg/kg1S2,0,F,168
T103901-4-0082,T103901-4,SODIUM,CLINICAL CHEMISTRY,147,mmol/L,SERUM,30,Vehicle control:0 mg/kg1S2,0,F,168
T103901-4-0083,T103901-4,SODIUM,CLINICAL CHEMISTRY,147,mmol/L,SERUM,30,Vehicle control:0 mg/kg1S2,0,F,172
T103901-4-0083,,BW_D1,,172,,,1,Vehicle control:0 mg/kg1S2,,F,172
T103901-4-0083,,BW_D28,,218,,,28,Vehicle control:0 mg/kg1S2,,F,172
T103901-4-0083,T103901-4,PHOS,CLINICAL CHEMISTRY,1.31,mmol/L,SERUM,30,Vehicle control:0 mg/kg1S2,0,F,172
T103901-4-0083,T103901-4,CA,CLINICAL CHEMISTRY,2.52,mmol/L,SERUM,30,Vehicle control:0 mg/kg1S2,0,F,172
T103901-4-0083,,BW_D14,,192,,,14,Vehicle control:0 mg/kg1S2,,F,172
T103901-4-0083,T103901-4,CL,CLINICAL CHEMISTRY,106,mmol/L,SERUM,30,Vehicle control:0 mg/kg1S2,0,F,172
T103901-4-0083,T103901-4,K,CLINICAL CHEMISTRY,4.7,mmol/L,SERUM,30,Vehicle control:0 mg/kg1S2,0,F,172
T103901-4-0083,T103901-4,RBC,HEMATOLOGY,8.22,10^12/L,PLASMA,30,Vehicle control:0 mg/kg1S2,0,F,172
T103901-4-0093,,BW_D14,,206,,,14,Dose:4 mg/kg2S1,,F,175
T103901-4-0093,T103901-4,CL,CLINICAL CHEMISTRY,105,mmol/L,SERUM,30,Dose:4 mg/kg2S1,4,F,175
T103901-4-0093,,BW_D1,,175,,,1,Dose:4 mg/kg2S1,,F,175
T103901-4-0093,,BW_D28,,218,,,28,Dose:4 mg/kg2S1,,F,175
T103901-4-0093,T103901-4,CA,CLINICAL CHEMISTRY,2.62,mmol/L,SERUM,30,Dose:4 mg/kg2S1,4,F,175
T103901-4-0093,T103901-4,K,CLINICAL CHEMISTRY,4.8,mmol/L,SERUM,30,Dose:4 mg/kg2S1,4,F,175
T103901-4-0093,T103901-4,SODIUM,CLINICAL CHEMISTRY,148,mmol/L,SERUM,30,Dose:4 mg/kg2S1,4,F,175
T103901-4-0093,T103901-4,RBC,HEMATOLOGY,8.1,10^12/L,PLASMA,30,Dose:4 mg/kg2S1,4,F,175
T103901-4-0093,T103901-4,PHOS,CLINICAL CHEMISTRY,2.31,mmol/L,SERUM,30,Dose:4 mg/kg2S1,4,F,175
T103901-4-0094,,BW_D28,,215,,,28,Dose:4 mg/kg2S1,,F,164
T103901-4-0094,,BW_D1,,164,,,1,Dose:4 mg/kg2S1,,F,164
T103901-4-0094,T103901-4,PHOS,CLINICAL CHEMISTRY,1.62,mmol/L,SERUM,30,Dose:4 mg/kg2S1,4,F,164
T103901-4-0094,,BW_D14,,194,,,14,Dose:4 mg/kg2S1,,F,164
T103901-4-0094,T103901-4,RBC,HEMATOLOGY,8.25,10^12/L,PLASMA,30,Dose:4 mg/kg2S1,4,F,164
T103901-4-0094,T103901-4,SODIUM,CLINICAL CHEMISTRY,147,mmol/L,SERUM,30,Dose:4 mg/kg2S1,4,F,164
T103901-4-0094,T103901-4,K,CLINICAL CHEMISTRY,4.6,mmol/L,SERUM,30,Dose:4 mg/kg2S1,4,F,164
T103901-4-0094,T103901-4,CL,CLINICAL CHEMISTRY,105,mmol/L,SERUM,30,Dose:4 mg/kg2S1,4,F,164
T103901-4-0094,T103901-4,CA,CLINICAL CHEMISTRY,2.57,mmol/L,SERUM,30,Dose:4 mg/kg2S1,4,F,164
T103901-4-0095,,BW_D1,,152,,,1,Dose:4 mg/kg2S1,,F,152
T103901-4-0095,T103901-4,CL,CLINICAL CHEMISTRY,105,mmol/L,SERUM,30,Dose:4 mg/kg2S1,4,F,152
T103901-4-0095,,BW_D28,,173,,,28,Dose:4 mg/kg2S1,,F,152
T103901-4-0095,T103901-4,CA,CLINICAL CHEMISTRY,2.56,mmol/L,SERUM,30,Dose:4 mg/kg2S1,4,F,152
T103901-4-0095,T103901-4,PHOS,CLINICAL CHEMISTRY,1.68,mmol/L,SERUM,30,Dose:4 mg/kg2S1,4,F,152
T103901-4-0095,,BW_D14,,170,,,14,Dose:4 mg/kg2S1,,F,152
T103901-4-0095,T103901-4,SODIUM,CLINICAL CHEMISTRY,147,mmol/L,SERUM,30,Dose:4 mg/kg2S1,4,F,152
T103901-4-0095,T103901-4,RBC,HEMATOLOGY,8.35,10^12/L,PLASMA,30,Dose:4 mg/kg2S1,4,F,152
T103901-4-0095,T103901-4,K,CLINICAL CHEMISTRY,4.6,mmol/L,SERUM,30,Dose:4 mg/kg2S1,4,F,152
T103901-4-0096,,BW_D28,,200,,,28,Dose:4 mg/kg2S1,,F,154
T103901-4-0096,T103901-4,RBC,HEMATOLOGY,8.19,10^12/L,PLASMA,30,Dose:4 mg/kg2S1,4,F,154
T103901-4-0096,,BW_D1,,154,,,1,Dose:4 mg/kg2S1,,F,154
T103901-4-0096,,BW_D14,,183,,,14,Dose:4 mg/kg2S1,,F,154
T103901-4-0096,T103901-4,CA,CLINICAL CHEMISTRY,2.53,mmol/L,SERUM,30,Dose:4 mg/kg2S1,4,F,154
T103901-4-0096,T103901-4,PHOS,CLINICAL CHEMISTRY,1.33,mmol/L,SERUM,30,Dose:4 mg/kg2S1,4,F,154
T103901-4-0096,T103901-4,SODIUM,CLINICAL CHEMISTRY,147,mmol/L,SERUM,30,Dose:4 mg/kg2S1,4,F,154
T103901-4-0096,T103901-4,K,CLINICAL CHEMISTRY,4.6,mmol/L,SERUM,30,Dose:4 mg/kg2S1,4,F,154
T103901-4-0096,T103901-4,CL,CLINICAL CHEMISTRY,105,mmol/L,SERUM,30,Dose:4 mg/kg2S1,4,F,154
T103901-4-0097,T103901-4,CL,CLINICAL CHEMISTRY,109,mmol/L,SERUM,30,Dose:4 mg/kg2S1,4,F,164
T103901-4-0097,,BW_D1,,164,,,1,Dose:4 mg/kg2S1,,F,164
T103901-4-0097,,BW_D14,,179,,,14,Dose:4 mg/kg2S1,,F,164
T103901-4-0097,,BW_D28,,211,,,28,Dose:4 mg/kg2S1,,F,164
T103901-4-0097,T103901-4,K,CLINICAL CHEMISTRY,4.5,mmol/L,SERUM,30,Dose:4 mg/kg2S1,4,F,164
T103901-4-0097,T103901-4,CA,CLINICAL CHEMISTRY,2.53,mmol/L,SERUM,30,Dose:4 mg/kg2S1,4,F,164
T103901-4-0097,T103901-4,RBC,HEMATOLOGY,7.85,10^12/L,PLASMA,30,Dose:4 mg/kg2S1,4,F,164
T103901-4-0097,T103901-4,PHOS,CLINICAL CHEMISTRY,2.07,mmol/L,SERUM,30,Dose:4 mg/kg2S1,4,F,164
T103901-4-0097,T103901-4,SODIUM,CLINICAL CHEMISTRY,151,mmol/L,SERUM,30,Dose:4 mg/kg2S1,4,F,164
T103901-4-0098,,BW_D28,,194,,,28,Dose:4 mg/kg2S2,,F,157
T103901-4-0098,T103901-4,CL,CLINICAL CHEMISTRY,105,mmol/L,SERUM,30,Dose:4 mg/kg2S2,4,F,157
T103901-4-0098,,BW_D14,,184,,,14,Dose:4 mg/kg2S2,,F,157
T103901-4-0098,T103901-4,SODIUM,CLINICAL CHEMISTRY,147,mmol/L,SERUM,30,Dose:4 mg/kg2S2,4,F,157
T103901-4-0098,T103901-4,RBC,HEMATOLOGY,8.3,10^12/L,PLASMA,30,Dose:4 mg/kg2S2,4,F,157
T103901-4-0098,,BW_D1,,157,,,1,Dose:4 mg/kg2S2,,F,157
T103901-4-0098,T103901-4,CA,CLINICAL CHEMISTRY,2.57,mmol/L,SERUM,30,Dose:4 mg/kg2S2,4,F,157
T103901-4-0098,T103901-4,K,CLINICAL CHEMISTRY,4.6,mmol/L,SERUM,30,Dose:4 mg/kg2S2,4,F,157
T103901-4-0098,T103901-4,PHOS,CLINICAL CHEMISTRY,1.54,mmol/L,SERUM,30,Dose:4 mg/kg2S2,4,F,157
T103901-4-0099,,BW_D28,,218,,,28,Dose:4 mg/kg2S2,,F,165
T103901-4-0099,T103901-4,PHOS,CLINICAL CHEMISTRY,2.02,mmol/L,SERUM,30,Dose:4 mg/kg2S2,4,F,165
T103901-4-0099,,BW_D14,,204,,,14,Dose:4 mg/kg2S2,,F,165
T103901-4-0099,T103901-4,CA,CLINICAL CHEMISTRY,2.7,mmol/L,SERUM,30,Dose:4 mg/kg2S2,4,F,165
T103901-4-0099,T103901-4,CL,CLINICAL CHEMISTRY,104,mmol/L,SERUM,30,Dose:4 mg/kg2S2,4,F,165
T103901-4-0099,,BW_D1,,165,,,1,Dose:4 mg/kg2S2,,F,165
T103901-4-0099,T103901-4,RBC,HEMATOLOGY,8.15,10^12/L,PLASMA,30,Dose:4 mg/kg2S2,4,F,165
T103901-4-0099,T103901-4,K,CLINICAL CHEMISTRY,4.5,mmol/L,SERUM,30,Dose:4 mg/kg2S2,4,F,165
T103901-4-0099,T103901-4,SODIUM,CLINICAL CHEMISTRY,147,mmol/L,SERUM,30,Dose:4 mg/kg2S2,4,F,165
T103901-4-0100,,BW_D28,,201,,,28,Dose:4 mg/kg2S2,,F,155
T103901-4-0100,,BW_D14,,180,,,14,Dose:4 mg/kg2S2,,F,155
T103901-4-0100,T103901-4,K,CLINICAL CHEMISTRY,4.5,mmol/L,SERUM,30,Dose:4 mg/kg2S2,4,F,155
T103901-4-0100,T103901-4,CL,CLINICAL CHEMISTRY,105,mmol/L,SERUM,30,Dose:4 mg/kg2S2,4,F,155
T103901-4-0100,,BW_D1,,155,,,1,Dose:4 mg/kg2S2,,F,155
T103901-4-0100,T103901-4,RBC,HEMATOLOGY,8.28,10^12/L,PLASMA,30,Dose:4 mg/kg2S2,4,F,155
T103901-4-0100,T103901-4,CA,CLINICAL CHEMISTRY,2.52,mmol/L,SERUM,30,Dose:4 mg/kg2S2,4,F,155
T103901-4-0100,T103901-4,SODIUM,CLINICAL CHEMISTRY,148,mmol/L,SERUM,30,Dose:4 mg/kg2S2,4,F,155
T103901-4-0100,T103901-4,PHOS,CLINICAL CHEMISTRY,1.47,mmol/L,SERUM,30,Dose:4 mg/kg2S2,4,F,155
T103901-4-0101,,BW_D14,,206,,,14,Dose:4 mg/kg2S2,,F,165
T103901-4-0101,,BW_D1,,165,,,1,Dose:4 mg/kg2S2,,F,165
T103901-4-0101,,BW_D28,,229,,,28,Dose:4 mg/kg2S2,,F,165
T103901-4-0101,T103901-4,CL,CLINICAL CHEMISTRY,105,mmol/L,SERUM,30,Dose:4 mg/kg2S2,4,F,165
T103901-4-0101,T103901-4,CA,CLINICAL CHEMISTRY,2.6,mmol/L,SERUM,30,Dose:4 mg/kg2S2,4,F,165
T103901-4-0101,T103901-4,SODIUM,CLINICAL CHEMISTRY,148,mmol/L,SERUM,30,Dose:4 mg/kg2S2,4,F,165
T103901-4-0101,T103901-4,RBC,HEMATOLOGY,8.39,10^12/L,PLASMA,30,Dose:4 mg/kg2S2,4,F,165
T103901-4-0101,T103901-4,PHOS,CLINICAL CHEMISTRY,1.99,mmol/L,SERUM,30,Dose:4 mg/kg2S2,4,F,165
T103901-4-0101,T103901-4,K,CLINICAL CHEMISTRY,4.3,mmol/L,SERUM,30,Dose:4 mg/kg2S2,4,F,165
T103901-4-0102,,BW_D14,,199,,,14,Dose:4 mg/kg2S2,,F,167
T103901-4-0102,T103901-4,SODIUM,CLINICAL CHEMISTRY,146,mmol/L,SERUM,30,Dose:4 mg/kg2S2,4,F,167
T103901-4-0102,,BW_D28,,226,,,28,Dose:4 mg/kg2S2,,F,167
T103901-4-0102,T103901-4,K,CLINICAL CHEMISTRY,4.6,mmol/L,SERUM,30,Dose:4 mg/kg2S2,4,F,167
T103901-4-0102,,BW_D1,,167,,,1,Dose:4 mg/kg2S2,,F,167
T103901-4-0102,T103901-4,CL,CLINICAL CHEMISTRY,104,mmol/L,SERUM,30,Dose:4 mg/kg2S2,4,F,167
T103901-4-0102,T103901-4,PHOS,CLINICAL CHEMISTRY,1.86,mmol/L,SERUM,30,Dose:4 mg/kg2S2,4,F,167
T103901-4-0102,T103901-4,RBC,HEMATOLOGY,7.93,10^12/L,PLASMA,30,Dose:4 mg/kg2S2,4,F,167
T103901-4-0102,T103901-4,CA,CLINICAL CHEMISTRY,2.53,mmol/L,SERUM,30,Dose:4 mg/kg2S2,4,F,167
T103901-4-0109,,BW_D1,,152,,,1,Dose:25 mg/kg3S1,,F,152
T103901-4-0109,T103901-4,SODIUM,CLINICAL CHEMISTRY,147,mmol/L,SERUM,30,Dose:25 mg/kg3S1,25,F,152
T103901-4-0109,T103901-4,RBC,HEMATOLOGY,7.96,10^12/L,PLASMA,30,Dose:25 mg/kg3S1,25,F,152
T103901-4-0109,,BW_D28,,218,,,28,Dose:25 mg/kg3S1,,F,152
T103901-4-0109,,BW_D14,,194,,,14,Dose:25 mg/kg3S1,,F,152
T103901-4-0109,T103901-4,CA,CLINICAL CHEMISTRY,2.6,mmol/L,SERUM,30,Dose:25 mg/kg3S1,25,F,152
T103901-4-0109,T103901-4,CL,CLINICAL CHEMISTRY,105,mmol/L,SERUM,30,Dose:25 mg/kg3S1,25,F,152
T103901-4-0109,T103901-4,K,CLINICAL CHEMISTRY,4.5,mmol/L,SERUM,30,Dose:25 mg/kg3S1,25,F,152
T103901-4-0109,T103901-4,PHOS,CLINICAL CHEMISTRY,1.79,mmol/L,SERUM,30,Dose:25 mg/kg3S1,25,F,152
T103901-4-0110,,BW_D14,,194,,,14,Dose:25 mg/kg3S1,,F,162
T103901-4-0110,,BW_D1,,162,,,1,Dose:25 mg/kg3S1,,F,162
T103901-4-0110,T103901-4,K,CLINICAL CHEMISTRY,4,mmol/L,SERUM,30,Dose:25 mg/kg3S1,25,F,162
T103901-4-0110,T103901-4,RBC,HEMATOLOGY,7.95,10^12/L,PLASMA,30,Dose:25 mg/kg3S1,25,F,162
T103901-4-0110,T103901-4,CL,CLINICAL CHEMISTRY,105,mmol/L,SERUM,30,Dose:25 mg/kg3S1,25,F,162
T103901-4-0110,T103901-4,SODIUM,CLINICAL CHEMISTRY,143,mmol/L,SERUM,30,Dose:25 mg/kg3S1,25,F,162
T103901-4-0110,,BW_D28,,221,,,28,Dose:25 mg/kg3S1,,F,162
T103901-4-0110,T103901-4,CA,CLINICAL CHEMISTRY,2.47,mmol/L,SERUM,30,Dose:25 mg/kg3S1,25,F,162
T103901-4-0110,T103901-4,PHOS,CLINICAL CHEMISTRY,1.92,mmol/L,SERUM,30,Dose:25 mg/kg3S1,25,F,162
T103901-4-0111,,BW_D1,,166,,,1,Dose:25 mg/kg3S1,,F,166
T103901-4-0111,,BW_D28,,204,,,28,Dose:25 mg/kg3S1,,F,166
T103901-4-0111,T103901-4,SODIUM,CLINICAL CHEMISTRY,148,mmol/L,SERUM,30,Dose:25 mg/kg3S1,25,F,166
T103901-4-0111,T103901-4,CA,CLINICAL CHEMISTRY,2.5,mmol/L,SERUM,30,Dose:25 mg/kg3S1,25,F,166
T103901-4-0111,T103901-4,RBC,HEMATOLOGY,7.93,10^12/L,PLASMA,30,Dose:25 mg/kg3S1,25,F,166
T103901-4-0111,T103901-4,CL,CLINICAL CHEMISTRY,107,mmol/L,SERUM,30,Dose:25 mg/kg3S1,25,F,166
T103901-4-0111,T103901-4,PHOS,CLINICAL CHEMISTRY,1.21,mmol/L,SERUM,30,Dose:25 mg/kg3S1,25,F,166
T103901-4-0111,,BW_D14,,181,,,14,Dose:25 mg/kg3S1,,F,166
T103901-4-0111,T103901-4,K,CLINICAL CHEMISTRY,4.3,mmol/L,SERUM,30,Dose:25 mg/kg3S1,25,F,166
T103901-4-0112,,BW_D28,,217,,,28,Dose:25 mg/kg3S1,,F,159
T103901-4-0112,,BW_D14,,186,,,14,Dose:25 mg/kg3S1,,F,159
T103901-4-0112,,BW_D1,,159,,,1,Dose:25 mg/kg3S1,,F,159
T103901-4-0112,T103901-4,RBC,HEMATOLOGY,7.52,10^12/L,PLASMA,30,Dose:25 mg/kg3S1,25,F,159
T103901-4-0112,T103901-4,SODIUM,CLINICAL CHEMISTRY,149,mmol/L,SERUM,30,Dose:25 mg/kg3S1,25,F,159
T103901-4-0112,T103901-4,PHOS,CLINICAL CHEMISTRY,2.03,mmol/L,SERUM,30,Dose:25 mg/kg3S1,25,F,159
T103901-4-0112,T103901-4,K,CLINICAL CHEMISTRY,3.9,mmol/L,SERUM,30,Dose:25 mg/kg3S1,25,F,159
T103901-4-0112,T103901-4,CL,CLINICAL CHEMISTRY,106,mmol/L,SERUM,30,Dose:25 mg/kg3S1,25,F,159
T103901-4-0112,T103901-4,CA,CLINICAL CHEMISTRY,2.51,mmol/L,SERUM,30,Dose:25 mg/kg3S1,25,F,159
T103901-4-0113,,BW_D1,,161,,,1,Dose:25 mg/kg3S1,,F,161
T103901-4-0113,,BW_D28,,216,,,28,Dose:25 mg/kg3S1,,F,161
T103901-4-0113,,BW_D14,,191,,,14,Dose:25 mg/kg3S1,,F,161
T103901-4-0113,T103901-4,RBC,HEMATOLOGY,8.26,10^12/L,PLASMA,30,Dose:25 mg/kg3S1,25,F,161
T103901-4-0113,T103901-4,CL,CLINICAL CHEMISTRY,104,mmol/L,SERUM,30,Dose:25 mg/kg3S1,25,F,161
T103901-4-0113,T103901-4,CA,CLINICAL CHEMISTRY,2.53,mmol/L,SERUM,30,Dose:25 mg/kg3S1,25,F,161
T103901-4-0113,T103901-4,PHOS,CLINICAL CHEMISTRY,1.53,mmol/L,SERUM,30,Dose:25 mg/kg3S1,25,F,161
T103901-4-0113,T103901-4,K,CLINICAL CHEMISTRY,4.7,mmol/L,SERUM,30,Dose:25 mg/kg3S1,25,F,161
T103901-4-0113,T103901-4,SODIUM,CLINICAL CHEMISTRY,145,mmol/L,SERUM,30,Dose:25 mg/kg3S1,25,F,161
T103901-4-0114,,BW_D1,,170,,,1,Dose:25 mg/kg3S2,,F,170
T103901-4-0114,,BW_D14,,205,,,14,Dose:25 mg/kg3S2,,F,170
T103901-4-0114,,BW_D28,,212,,,28,Dose:25 mg/kg3S2,,F,170
T103901-4-0114,T103901-4,CA,CLINICAL CHEMISTRY,2.6,mmol/L,SERUM,30,Dose:25 mg/kg3S2,25,F,170
T103901-4-0114,T103901-4,CL,CLINICAL CHEMISTRY,104,mmol/L,SERUM,30,Dose:25 mg/kg3S2,25,F,170
T103901-4-0114,T103901-4,RBC,HEMATOLOGY,7.65,10^12/L,PLASMA,30,Dose:25 mg/kg3S2,25,F,170
T103901-4-0114,T103901-4,K,CLINICAL CHEMISTRY,4.2,mmol/L,SERUM,30,Dose:25 mg/kg3S2,25,F,170
T103901-4-0114,T103901-4,PHOS,CLINICAL CHEMISTRY,1.8,mmol/L,SERUM,30,Dose:25 mg/kg3S2,25,F,170
T103901-4-0114,T103901-4,SODIUM,CLINICAL CHEMISTRY,147,mmol/L,SERUM,30,Dose:25 mg/kg3S2,25,F,170
T103901-4-0115,,BW_D28,,198,,,28,Dose:25 mg/kg3S2,,F,157
T103901-4-0115,,BW_D1,,157,,,1,Dose:25 mg/kg3S2,,F,157
T103901-4-0115,T103901-4,CA,CLINICAL CHEMISTRY,2.48,mmol/L,SERUM,30,Dose:25 mg/kg3S2,25,F,157
T103901-4-0115,T103901-4,RBC,HEMATOLOGY,8.09,10^12/L,PLASMA,30,Dose:25 mg/kg3S2,25,F,157
T103901-4-0115,T103901-4,K,CLINICAL CHEMISTRY,4.8,mmol/L,SERUM,30,Dose:25 mg/kg3S2,25,F,157
T103901-4-0115,,BW_D14,,183,,,14,Dose:25 mg/kg3S2,,F,157
T103901-4-0115,T103901-4,PHOS,CLINICAL CHEMISTRY,1.49,mmol/L,SERUM,30,Dose:25 mg/kg3S2,25,F,157
T103901-4-0115,T103901-4,CL,CLINICAL CHEMISTRY,106,mmol/L,SERUM,30,Dose:25 mg/kg3S2,25,F,157
T103901-4-0115,T103901-4,SODIUM,CLINICAL CHEMISTRY,147,mmol/L,SERUM,30,Dose:25 mg/kg3S2,25,F,157
T103901-4-0116,,BW_D14,,207,,,14,Dose:25 mg/kg3S2,,F,165
T103901-4-0116,,BW_D28,,234,,,28,Dose:25 mg/kg3S2,,F,165
T103901-4-0116,,BW_D1,,165,,,1,Dose:25 mg/kg3S2,,F,165
T103901-4-0116,T103901-4,CA,CLINICAL CHEMISTRY,2.5,mmol/L,SERUM,30,Dose:25 mg/kg3S2,25,F,165
T103901-4-0116,T103901-4,SODIUM,CLINICAL CHEMISTRY,148,mmol/L,SERUM,30,Dose:25 mg/kg3S2,25,F,165
T103901-4-0116,T103901-4,RBC,HEMATOLOGY,8.62,10^12/L,PLASMA,30,Dose:25 mg/kg3S2,25,F,165
T103901-4-0116,T103901-4,PHOS,CLINICAL CHEMISTRY,1.45,mmol/L,SERUM,30,Dose:25 mg/kg3S2,25,F,165
T103901-4-0116,T103901-4,K,CLINICAL CHEMISTRY,4.4,mmol/L,SERUM,30,Dose:25 mg/kg3S2,25,F,165
T103901-4-0116,T103901-4,CL,CLINICAL CHEMISTRY,105,mmol/L,SERUM,30,Dose:25 mg/kg3S2,25,F,165
T103901-4-0117,,BW_D14,,211,,,14,Dose:25 mg/kg3S2,,F,173
T103901-4-0117,T103901-4,RBC,HEMATOLOGY,8.16,10^12/L,PLASMA,30,Dose:25 mg/kg3S2,25,F,173
T103901-4-0117,,BW_D28,,224,,,28,Dose:25 mg/kg3S2,,F,173
T103901-4-0117,,BW_D1,,173,,,1,Dose:25 mg/kg3S2,,F,173
T103901-4-0117,T103901-4,CA,CLINICAL CHEMISTRY,2.48,mmol/L,SERUM,30,Dose:25 mg/kg3S2,25,F,173
T103901-4-0117,T103901-4,K,CLINICAL CHEMISTRY,4.5,mmol/L,SERUM,30,Dose:25 mg/kg3S2,25,F,173
T103901-4-0117,T103901-4,CL,CLINICAL CHEMISTRY,105,mmol/L,SERUM,30,Dose:25 mg/kg3S2,25,F,173
T103901-4-0117,T103901-4,PHOS,CLINICAL CHEMISTRY,1.53,mmol/L,SERUM,30,Dose:25 mg/kg3S2,25,F,173
T103901-4-0117,T103901-4,SODIUM,CLINICAL CHEMISTRY,147,mmol/L,SERUM,30,Dose:25 mg/kg3S2,25,F,173
T103901-4-0118,,BW_D14,,205,,,14,Dose:25 mg/kg3S2,,F,170
T103901-4-0118,,BW_D1,,170,,,1,Dose:25 mg/kg3S2,,F,170
T103901-4-0118,T103901-4,CL,CLINICAL CHEMISTRY,105,mmol/L,SERUM,30,Dose:25 mg/kg3S2,25,F,170
T103901-4-0118,,BW_D28,,220,,,28,Dose:25 mg/kg3S2,,F,170
T103901-4-0118,T103901-4,SODIUM,CLINICAL CHEMISTRY,147,mmol/L,SERUM,30,Dose:25 mg/kg3S2,25,F,170
T103901-4-0118,T103901-4,RBC,HEMATOLOGY,8.12,10^12/L,PLASMA,30,Dose:25 mg/kg3S2,25,F,170
T103901-4-0118,T103901-4,K,CLINICAL CHEMISTRY,4.6,mmol/L,SERUM,30,Dose:25 mg/kg3S2,25,F,170
T103901-4-0118,T103901-4,CA,CLINICAL CHEMISTRY,2.52,mmol/L,SERUM,30,Dose:25 mg/kg3S2,25,F,170
T103901-4-0118,T103901-4,PHOS,CLINICAL CHEMISTRY,1.6,mmol/L,SERUM,30,Dose:25 mg/kg3S2,25,F,170
T103901-4-0125,T103901-4,CA,CLINICAL CHEMISTRY,2.58,mmol/L,SERUM,30,Dose:150 mg/kg4S1,150,F,143
T103901-4-0125,,BW_D1,,143,,,1,Dose:150 mg/kg4S1,,F,143
T103901-4-0125,T103901-4,PHOS,CLINICAL CHEMISTRY,1.87,mmol/L,SERUM,30,Dose:150 mg/kg4S1,150,F,143
T103901-4-0125,,BW_D28,,193,,,28,Dose:150 mg/kg4S1,,F,143
T103901-4-0125,,BW_D14,,175,,,14,Dose:150 mg/kg4S1,,F,143
T103901-4-0125,T103901-4,CL,CLINICAL CHEMISTRY,102,mmol/L,SERUM,30,Dose:150 mg/kg4S1,150,F,143
T103901-4-0125,T103901-4,K,CLINICAL CHEMISTRY,5.3,mmol/L,SERUM,30,Dose:150 mg/kg4S1,150,F,143
T103901-4-0125,T103901-4,SODIUM,CLINICAL CHEMISTRY,145,mmol/L,SERUM,30,Dose:150 mg/kg4S1,150,F,143
T103901-4-0125,T103901-4,RBC,HEMATOLOGY,8.09,10^12/L,PLASMA,30,Dose:150 mg/kg4S1,150,F,143
T103901-4-0126,,BW_D14,,188,,,14,Dose:150 mg/kg4S1,,F,149
T103901-4-0126,,BW_D28,,215,,,28,Dose:150 mg/kg4S1,,F,149
T103901-4-0126,T103901-4,PHOS,CLINICAL CHEMISTRY,2.02,mmol/L,SERUM,30,Dose:150 mg/kg4S1,150,F,149
T103901-4-0126,T103901-4,CA,CLINICAL CHEMISTRY,2.68,mmol/L,SERUM,30,Dose:150 mg/kg4S1,150,F,149
T103901-4-0126,T103901-4,RBC,HEMATOLOGY,8.25,10^12/L,PLASMA,30,Dose:150 mg/kg4S1,150,F,149
T103901-4-0126,,BW_D1,,149,,,1,Dose:150 mg/kg4S1,,F,149
T103901-4-0126,T103901-4,CL,CLINICAL CHEMISTRY,103,mmol/L,SERUM,30,Dose:150 mg/kg4S1,150,F,149
T103901-4-0126,T103901-4,K,CLINICAL CHEMISTRY,4.7,mmol/L,SERUM,30,Dose:150 mg/kg4S1,150,F,149
T103901-4-0126,T103901-4,SODIUM,CLINICAL CHEMISTRY,148,mmol/L,SERUM,30,Dose:150 mg/kg4S1,150,F,149
T103901-4-0127,,BW_D1,,170,,,1,Dose:150 mg/kg4S1,,F,170
T103901-4-0127,T103901-4,CA,CLINICAL CHEMISTRY,2.5,mmol/L,SERUM,30,Dose:150 mg/kg4S1,150,F,170
T103901-4-0127,T103901-4,RBC,HEMATOLOGY,8.57,10^12/L,PLASMA,30,Dose:150 mg/kg4S1,150,F,170
T103901-4-0127,T103901-4,K,CLINICAL CHEMISTRY,4.4,mmol/L,SERUM,30,Dose:150 mg/kg4S1,150,F,170
T103901-4-0127,,BW_D28,,219,,,28,Dose:150 mg/kg4S1,,F,170
T103901-4-0127,,BW_D14,,197,,,14,Dose:150 mg/kg4S1,,F,170
T103901-4-0127,T103901-4,PHOS,CLINICAL CHEMISTRY,1.53,mmol/L,SERUM,30,Dose:150 mg/kg4S1,150,F,170
T103901-4-0127,T103901-4,CL,CLINICAL CHEMISTRY,104,mmol/L,SERUM,30,Dose:150 mg/kg4S1,150,F,170
T103901-4-0127,T103901-4,SODIUM,CLINICAL CHEMISTRY,149,mmol/L,SERUM,30,Dose:150 mg/kg4S1,150,F,170
T103901-4-0128,,BW_D1,,148,,,1,Dose:150 mg/kg4S1,,F,148
T103901-4-0128,,BW_D14,,183,,,14,Dose:150 mg/kg4S1,,F,148
T103901-4-0128,T103901-4,CL,CLINICAL CHEMISTRY,103,mmol/L,SERUM,30,Dose:150 mg/kg4S1,150,F,148
T103901-4-0128,T103901-4,RBC,HEMATOLOGY,7.59,10^12/L,PLASMA,30,Dose:150 mg/kg4S1,150,F,148
T103901-4-0128,,BW_D28,,203,,,28,Dose:150 mg/kg4S1,,F,148
T103901-4-0128,T103901-4,CA,CLINICAL CHEMISTRY,2.56,mmol/L,SERUM,30,Dose:150 mg/kg4S1,150,F,148
T103901-4-0128,T103901-4,PHOS,CLINICAL CHEMISTRY,1.85,mmol/L,SERUM,30,Dose:150 mg/kg4S1,150,F,148
T103901-4-0128,T103901-4,SODIUM,CLINICAL CHEMISTRY,147,mmol/L,SERUM,30,Dose:150 mg/kg4S1,150,F,148
T103901-4-0128,T103901-4,K,CLINICAL CHEMISTRY,4.7,mmol/L,SERUM,30,Dose:150 mg/kg4S1,150,F,148
T103901-4-0129,T103901-4,SODIUM,CLINICAL CHEMISTRY,144,mmol/L,SERUM,30,Dose:150 mg/kg4S1,150,F,170
T103901-4-0129,,BW_D28,,229,,,28,Dose:150 mg/kg4S1,,F,170
T103901-4-0129,,BW_D14,,214,,,14,Dose:150 mg/kg4S1,,F,170
T103901-4-0129,,BW_D1,,170,,,1,Dose:150 mg/kg4S1,,F,170
T103901-4-0129,T103901-4,CL,CLINICAL CHEMISTRY,104,mmol/L,SERUM,30,Dose:150 mg/kg4S1,150,F,170
T103901-4-0129,T103901-4,RBC,HEMATOLOGY,8.03,10^12/L,PLASMA,30,Dose:150 mg/kg4S1,150,F,170
T103901-4-0129,T103901-4,PHOS,CLINICAL CHEMISTRY,1.48,mmol/L,SERUM,30,Dose:150 mg/kg4S1,150,F,170
T103901-4-0129,T103901-4,K,CLINICAL CHEMISTRY,4.8,mmol/L,SERUM,30,Dose:150 mg/kg4S1,150,F,170
T103901-4-0129,T103901-4,CA,CLINICAL CHEMISTRY,2.46,mmol/L,SERUM,30,Dose:150 mg/kg4S1,150,F,170
T103901-4-0130,,BW_D14,,190,,,14,Dose:150 mg/kg4S2,,F,142
T103901-4-0130,T103901-4,CL,CLINICAL CHEMISTRY,103,mmol/L,SERUM,30,Dose:150 mg/kg4S2,150,F,142
T103901-4-0130,,BW_D1,,142,,,1,Dose:150 mg/kg4S2,,F,142
T103901-4-0130,,BW_D28,,214,,,28,Dose:150 mg/kg4S2,,F,142
T103901-4-0130,T103901-4,SODIUM,CLINICAL CHEMISTRY,144,mmol/L,SERUM,30,Dose:150 mg/kg4S2,150,F,142
T103901-4-0130,T103901-4,RBC,HEMATOLOGY,7.82,10^12/L,PLASMA,30,Dose:150 mg/kg4S2,150,F,142
T103901-4-0130,T103901-4,K,CLINICAL CHEMISTRY,4,mmol/L,SERUM,30,Dose:150 mg/kg4S2,150,F,142
T103901-4-0130,T103901-4,PHOS,CLINICAL CHEMISTRY,1.89,mmol/L,SERUM,30,Dose:150 mg/kg4S2,150,F,142
T103901-4-0130,T103901-4,CA,CLINICAL CHEMISTRY,2.47,mmol/L,SERUM,30,Dose:150 mg/kg4S2,150,F,142
T103901-4-0131,,BW_D14,,191,,,14,Dose:150 mg/kg4S2,,F,155
T103901-4-0131,T103901-4,K,CLINICAL CHEMISTRY,4.3,mmol/L,SERUM,30,Dose:150 mg/kg4S2,150,F,155
T103901-4-0131,T103901-4,PHOS,CLINICAL CHEMISTRY,1.91,mmol/L,SERUM,30,Dose:150 mg/kg4S2,150,F,155
T103901-4-0131,T103901-4,RBC,HEMATOLOGY,8,10^12/L,PLASMA,30,Dose:150 mg/kg4S2,150,F,155
T103901-4-0131,,BW_D1,,155,,,1,Dose:150 mg/kg4S2,,F,155
T103901-4-0131,T103901-4,CA,CLINICAL CHEMISTRY,2.46,mmol/L,SERUM,30,Dose:150 mg/kg4S2,150,F,155
T103901-4-0131,,BW_D28,,215,,,28,Dose:150 mg/kg4S2,,F,155
T103901-4-0131,T103901-4,CL,CLINICAL CHEMISTRY,102,mmol/L,SERUM,30,Dose:150 mg/kg4S2,150,F,155
T103901-4-0131,T103901-4,SODIUM,CLINICAL CHEMISTRY,144,mmol/L,SERUM,30,Dose:150 mg/kg4S2,150,F,155
T103901-4-0132,,BW_D28,,217,,,28,Dose:150 mg/kg4S2,,F,169
T103901-4-0132,,BW_D1,,169,,,1,Dose:150 mg/kg4S2,,F,169
T103901-4-0132,T103901-4,SODIUM,CLINICAL CHEMISTRY,142,mmol/L,SERUM,30,Dose:150 mg/kg4S2,150,F,169
T103901-4-0132,,BW_D14,,202,,,14,Dose:150 mg/kg4S2,,F,169
T103901-4-0132,T103901-4,CA,CLINICAL CHEMISTRY,2.53,mmol/L,SERUM,30,Dose:150 mg/kg4S2,150,F,169
T103901-4-0132,T103901-4,PHOS,CLINICAL CHEMISTRY,1.38,mmol/L,SERUM,30,Dose:150 mg/kg4S2,150,F,169
T103901-4-0132,T103901-4,K,CLINICAL CHEMISTRY,4.7,mmol/L,SERUM,30,Dose:150 mg/kg4S2,150,F,169
T103901-4-0132,T103901-4,CL,CLINICAL CHEMISTRY,102,mmol/L,SERUM,30,Dose:150 mg/kg4S2,150,F,169
T103901-4-0132,T103901-4,RBC,HEMATOLOGY,8.11,10^12/L,PLASMA,30,Dose:150 mg/kg4S2,150,F,169
T103901-4-0133,,BW_D1,,157,,,1,Dose:150 mg/kg4S2,,F,157
T103901-4-0133,,BW_D14,,183,,,14,Dose:150 mg/kg4S2,,F,157
T103901-4-0133,T103901-4,PHOS,CLINICAL CHEMISTRY,1.96,mmol/L,SERUM,30,Dose:150 mg/kg4S2,150,F,157
T103901-4-0133,,BW_D28,,210,,,28,Dose:150 mg/kg4S2,,F,157
T103901-4-0133,T103901-4,K,CLINICAL CHEMISTRY,4.1,mmol/L,SERUM,30,Dose:150 mg/kg4S2,150,F,157
T103901-4-0133,T103901-4,RBC,HEMATOLOGY,7.75,10^12/L,PLASMA,30,Dose:150 mg/kg4S2,150,F,157
T103901-4-0133,T103901-4,CA,CLINICAL CHEMISTRY,2.56,mmol/L,SERUM,30,Dose:150 mg/kg4S2,150,F,157
T103901-4-0133,T103901-4,SODIUM,CLINICAL CHEMISTRY,144,mmol/L,SERUM,30,Dose:150 mg/kg4S2,150,F,157
T103901-4-0133,T103901-4,CL,CLINICAL CHEMISTRY,104,mmol/L,SERUM,30,Dose:150 mg/kg4S2,150,F,157
T103901-4-0134,,BW_D1,,164,,,1,Dose:150 mg/kg4S2,,F,164
T103901-4-0134,,BW_D28,,217,,,28,Dose:150 mg/kg4S2,,F,164
T103901-4-0134,T103901-4,RBC,HEMATOLOGY,8.29,10^12/L,PLASMA,30,Dose:150 mg/kg4S2,150,F,164
T103901-4-0134,T103901-4,CA,CLINICAL CHEMISTRY,2.58,mmol/L,SERUM,30,Dose:150 mg/kg4S2,150,F,164
T103901-4-0134,T103901-4,PHOS,CLINICAL CHEMISTRY,1.7,mmol/L,SERUM,30,Dose:150 mg/kg4S2,150,F,164
T103901-4-0134,T103901-4,CL,CLINICAL CHEMISTRY,103,mmol/L,SERUM,30,Dose:150 mg/kg4S2,150,F,164
T103901-4-0134,T103901-4,K,CLINICAL CHEMISTRY,4.6,mmol/L,SERUM,30,Dose:150 mg/kg4S2,150,F,164
T103901-4-0134,,BW_D14,,196,,,14,Dose:150 mg/kg4S2,,F,164
T103901-4-0134,T103901-4,SODIUM,CLINICAL CHEMISTRY,143,mmol/L,SERUM,30,Dose:150 mg/kg4S2,150,F,164
